{
"type": "FeatureCollection",
"name": "Kecamatan_Pbm",
"crs": { "type": "name", "properties": { "name": "urn:ogc:def:crs:OGC:1.3:CRS84" } },
"features": [
{ "type": "Feature", "properties": { "fid": 53.0, "OBJECTID": 11058.0, "NAMOBJ": "Majasari", "FCODE": "BA03070040", "REMARK": null, "METADATA": "TASWIL1000020230928_DATA_BATAS_DESAKELURAHAN", "SRS_ID": "SRGI 2013", "KDBBPS": null, "KDCBPS": null, "KDCPUM": "16.74.06", "KDEBPS": null, "KDEPUM": "16.74.06.1001", "KDPBPS": null, "KDPKAB": "16.74", "KDPPUM": "16", "LUASWH": 176.65283276345843, "TIPADM": 2.0, "WADMKC": "Prabumulih Selatan", "WADMKD": "Majasari", "WADMKK": "Kota Prabumulih", "WADMPR": "Sumatera Selatan", "WIADKC": null, "WIADKK": null, "WIADPR": null, "WIADKD": null, "UUPP": "Hasil Delineasi Batas Desa 2018", "Shape_Leng": 0.056372777230535, "Shape_Area": 0.000143767038672 }, "geometry": { "type": "MultiPolygon", "coordinates": [ [ [ [ 104.222767549000082, -3.48890466499995, 0.0 ], [ 104.222037946000057, -3.489459886999953, 0.0 ], [ 104.221785768000075, -3.490369211999962, 0.0 ], [ 104.221458100000063, -3.491354269999931, 0.0 ], [ 104.22115567600008, -3.492213022999977, 0.0 ], [ 104.221155218000035, -3.492768849999948, 0.0 ], [ 104.221254685000076, -3.494107970999949, 0.0 ], [ 104.22139181700004, -3.495510284999966, 0.0 ], [ 104.221542446000058, -3.495788323999932, 0.0 ], [ 104.222044309000069, -3.497001454999975, 0.0 ], [ 104.222621791000051, -3.497987264999949, 0.0 ], [ 104.222998085000086, -3.499023437999938, 0.0 ], [ 104.223248519000038, -3.500236359999974, 0.0 ], [ 104.223473872000056, -3.501373466999951, 0.0 ], [ 104.223699432000046, -3.50225792599997, 0.0 ], [ 104.223699017000058, -3.502763221999942, 0.0 ], [ 104.223610484000062, -3.503407402999926, 0.0 ], [ 104.223610047000079, -3.503937964999977, 0.0 ], [ 104.223759949000055, -3.505100273999972, 0.0 ], [ 104.223758553000039, -3.506793019999975, 0.0 ], [ 104.223556176000045, -3.508283478999942, 0.0 ], [ 104.223580882000078, -3.508814061999942, 0.0 ], [ 104.223605087000067, -3.509951, 0.0 ], [ 104.223504116000072, -3.510430947999964, 0.0 ], [ 104.22308825600004, -3.511630682999964, 0.0 ], [ 104.222911687000078, -3.512312685999973, 0.0 ], [ 104.22273516000007, -3.512944159999961, 0.0 ], [ 104.222709409000061, -3.513676819999944, 0.0 ], [ 104.222507444000087, -3.514661980999961, 0.0 ], [ 104.222445321000066, -3.515034601999957, 0.0 ], [ 104.222330561000035, -3.51572295699998, 0.0 ], [ 104.222178924000048, -3.516657629999941, 0.0 ], [ 104.222027202000049, -3.517693361999932, 0.0 ], [ 104.222102341000038, -3.518047131999936, 0.0 ], [ 104.222152061000088, -3.518729325999971, 0.0 ], [ 104.222156172000041, -3.51886946299993, 0.0 ], [ 104.222124853000082, -3.519081273999973, 0.0 ], [ 104.221907999000052, -3.520547821999969, 0.0 ], [ 104.222037132000082, -3.520817173999944, 0.0 ], [ 104.223544880000077, -3.521879559999945, 0.0 ], [ 104.224347748000071, -3.523977216999981, 0.0 ], [ 104.224372409000068, -3.524558327999955, 0.0 ], [ 104.224823934000085, -3.525847212999963, 0.0 ], [ 104.225149821000059, -3.527034934999961, 0.0 ], [ 104.225251430000071, -3.527349967999953, 0.0 ], [ 104.225030933000085, -3.527341705999959, 0.0 ], [ 104.222270900000069, -3.527030071999945, 0.0 ], [ 104.220187849000069, -3.52679487599994, 0.0 ], [ 104.22012864900006, -3.526780393999957, 0.0 ], [ 104.219702645000041, -3.526676180999971, 0.0 ], [ 104.218059646000086, -3.526274253999929, 0.0 ], [ 104.217263331000083, -3.526293232999933, 0.0 ], [ 104.217192736000072, -3.526320637999959, 0.0 ], [ 104.217000690000077, -3.526395190999949, 0.0 ], [ 104.216732240000056, -3.526499403999935, 0.0 ], [ 104.21600083800007, -3.526783336999927, 0.0 ], [ 104.215851805000057, -3.526841191999949, 0.0 ], [ 104.215721478000034, -3.526910489999977, 0.0 ], [ 104.215573223000035, -3.526989320999974, 0.0 ], [ 104.214685001000078, -3.527461607999953, 0.0 ], [ 104.214209744000073, -3.528087217999939, 0.0 ], [ 104.213783026000044, -3.528648934999978, 0.0 ], [ 104.213315281000064, -3.529264654999963, 0.0 ], [ 104.213259765000032, -3.529337732999977, 0.0 ], [ 104.213005353000085, -3.529672629999936, 0.0 ], [ 104.212815480000074, -3.52992256999994, 0.0 ], [ 104.212710196000046, -3.530061160999935, 0.0 ], [ 104.212133677000054, -3.530964354999981, 0.0 ], [ 104.212062115000037, -3.531076466999934, 0.0 ], [ 104.212010132000046, -3.53115790499993, 0.0 ], [ 104.21187053500006, -3.531376600999977, 0.0 ], [ 104.211811383000054, -3.531469269999945, 0.0 ], [ 104.211708529000077, -3.53163040499993, 0.0 ], [ 104.211534519000054, -3.531903012999976, 0.0 ], [ 104.211354942000071, -3.532184343999972, 0.0 ], [ 104.209982255000057, -3.533724658999972, 0.0 ], [ 104.209868677000088, -3.533852106999973, 0.0 ], [ 104.209596558000044, -3.534157453999967, 0.0 ], [ 104.209477037000056, -3.534291570999926, 0.0 ], [ 104.207906579000053, -3.535475228999928, 0.0 ], [ 104.206383410000058, -3.536635002999958, 0.0 ], [ 104.205745371000035, -3.537120818999938, 0.0 ], [ 104.205548394000061, -3.537233819999926, 0.0 ], [ 104.205064779000054, -3.537511257999938, 0.0 ], [ 104.204160728000033, -3.538029887999926, 0.0 ], [ 104.204029978000051, -3.538092967999944, 0.0 ], [ 104.202435801000036, -3.538862071999972, 0.0 ], [ 104.202187291000087, -3.538981964999948, 0.0 ], [ 104.19905497700006, -3.539167489999954, 0.0 ], [ 104.198896397000055, -3.539176882999925, 0.0 ], [ 104.198127743000043, -3.539268045999961, 0.0 ], [ 104.196698548000086, -3.538924254999927, 0.0 ], [ 104.196575658000086, -3.538894694999954, 0.0 ], [ 104.195056366000074, -3.538529230999927, 0.0 ], [ 104.194869676000053, -3.538496628999951, 0.0 ], [ 104.19485319100005, -3.538384553999947, 0.0 ], [ 104.194807515000036, -3.538081641999952, 0.0 ], [ 104.194759343000044, -3.537753436999935, 0.0 ], [ 104.194708652000088, -3.537429022999959, 0.0 ], [ 104.194666716000086, -3.537167846999978, 0.0 ], [ 104.194610991000047, -3.536840900999948, 0.0 ], [ 104.194484784000053, -3.536517684999978, 0.0 ], [ 104.194452127000034, -3.536443045999931, 0.0 ], [ 104.193961511000055, -3.535456864999958, 0.0 ], [ 104.193829565000044, -3.535222798999939, 0.0 ], [ 104.193825170000082, -3.535210781999979, 0.0 ], [ 104.193787518000079, -3.53508934599995, 0.0 ], [ 104.193731673000059, -3.534902770999963, 0.0 ], [ 104.193707816000085, -3.534839520999981, 0.0 ], [ 104.193642551000039, -3.534630804999949, 0.0 ], [ 104.193618075000074, -3.534554274999948, 0.0 ], [ 104.193587955000055, -3.534455608999963, 0.0 ], [ 104.193562867000082, -3.534360743999969, 0.0 ], [ 104.193517059000044, -3.534208319999948, 0.0 ], [ 104.193499498000051, -3.534140015999981, 0.0 ], [ 104.19348244300005, -3.534080732999939, 0.0 ], [ 104.193463110000039, -3.534013524999978, 0.0 ], [ 104.193434252000088, -3.533909802999972, 0.0 ], [ 104.193409759000076, -3.533853506999947, 0.0 ], [ 104.193365801000084, -3.533748506999927, 0.0 ], [ 104.193315555000083, -3.533635913999944, 0.0 ], [ 104.193396852000035, -3.53349751199994, 0.0 ], [ 104.193486342000085, -3.533343308999974, 0.0 ], [ 104.193594107000081, -3.533160667999937, 0.0 ], [ 104.193735134000065, -3.533079856999962, 0.0 ], [ 104.193835162000084, -3.533022580999955, 0.0 ], [ 104.194890786000087, -3.529855708999946, 0.0 ], [ 104.194792922000033, -3.529861824999955, 0.0 ], [ 104.19481481300005, -3.529615166999974, 0.0 ], [ 104.194834581000066, -3.529312313999981, 0.0 ], [ 104.194853095000042, -3.529005664999943, 0.0 ], [ 104.194874132000052, -3.528691429999981, 0.0 ], [ 104.194892649000053, -3.528379722999944, 0.0 ], [ 104.194912400000078, -3.528097103999926, 0.0 ], [ 104.194927098000051, -3.527834710999969, 0.0 ], [ 104.194941758000084, -3.527617844999952, 0.0 ], [ 104.194959005000044, -3.52731128399995, 0.0 ], [ 104.19496029000004, -3.527288433999956, 0.0 ], [ 104.194982569000047, -3.526993169999969, 0.0 ], [ 104.194998557000076, -3.52669663599994, 0.0 ], [ 104.195018343000072, -3.526373547999981, 0.0 ], [ 104.195036817000073, -3.526109893999944, 0.0 ], [ 104.195057856000062, -3.525793131999933, 0.0 ], [ 104.195073824000076, -3.525519359999976, 0.0 ], [ 104.195091048000052, -3.525248118999968, 0.0 ], [ 104.195104448000052, -3.525032515999953, 0.0 ], [ 104.195117838000044, -3.524828295999953, 0.0 ], [ 104.195136324000032, -3.524550732999955, 0.0 ], [ 104.195151002000046, -3.524313632999963, 0.0 ], [ 104.19515565100005, -3.524028469999962, 0.0 ], [ 104.195159033000039, -3.52375342299996, 0.0 ], [ 104.195162375000052, -3.523527695999974, 0.0 ], [ 104.195164489000035, -3.523264028999961, 0.0 ], [ 104.195167824000066, -3.523045888999945, 0.0 ], [ 104.195169941000074, -3.52277842899997, 0.0 ], [ 104.195173307000061, -3.522522349999974, 0.0 ], [ 104.195177932000036, -3.522266272999957, 0.0 ], [ 104.19518002600006, -3.522026632999939, 0.0 ], [ 104.195182106000061, -3.521802168999955, 0.0 ], [ 104.195185477000052, -3.521539766999979, 0.0 ], [ 104.195187570000087, -3.521302656999978, 0.0 ], [ 104.195190904000071, -3.521083251999926, 0.0 ], [ 104.195192030000044, -3.521030089999954, 0.0 ], [ 104.195187180000062, -3.521023812999942, 0.0 ], [ 104.195194829000059, -3.520996039999943, 0.0 ], [ 104.195197341000039, -3.520915066999976, 0.0 ], [ 104.19523287800007, -3.520568596999965, 0.0 ], [ 104.195281769000076, -3.520058373999973, 0.0 ], [ 104.195322473000033, -3.519694193999953, 0.0 ], [ 104.19531861300004, -3.519655, 0.0 ], [ 104.195303953000064, -3.519140294999943, 0.0 ], [ 104.195294231000048, -3.518735615999958, 0.0 ], [ 104.195275847000062, -3.518160207999927, 0.0 ], [ 104.195259345000068, -3.517591755999945, 0.0 ], [ 104.195263896000085, -3.517419143999973, 0.0 ], [ 104.195276101000047, -3.517130192999957, 0.0 ], [ 104.195291663000035, -3.516594016999932, 0.0 ], [ 104.195214048000082, -3.516112136999936, 0.0 ], [ 104.195130820000088, -3.515570183999955, 0.0 ], [ 104.195102037000083, -3.51537794099994, 0.0 ], [ 104.19504063800008, -3.515065531999937, 0.0 ], [ 104.195000046000075, -3.514840421999963, 0.0 ], [ 104.194954812000049, -3.513821132999965, 0.0 ], [ 104.19493913000008, -3.513753855999937, 0.0 ], [ 104.193997404000072, -3.509713710999961, 0.0 ], [ 104.194854010000086, -3.506382465999934, 0.0 ], [ 104.197899719000077, -3.501433186999975, 0.0 ], [ 104.203833888000077, -3.496813264999957, 0.0 ], [ 104.205141704000084, -3.49578659499997, 0.0 ], [ 104.206103442000085, -3.495482315999936, 0.0 ], [ 104.207301590000043, -3.495103238999945, 0.0 ], [ 104.207520091000049, -3.495074788999943, 0.0 ], [ 104.20777767900006, -3.494500891999962, 0.0 ], [ 104.208256350000056, -3.493364380999935, 0.0 ], [ 104.208533537000051, -3.492631936999942, 0.0 ], [ 104.208886383000049, -3.491621643999963, 0.0 ], [ 104.20913855200007, -3.490737589999981, 0.0 ], [ 104.209264857000051, -3.490030281999964, 0.0 ], [ 104.209642593000069, -3.489323185999979, 0.0 ], [ 104.209793873000081, -3.488818017999961, 0.0 ], [ 104.210121215000072, -3.488237202999926, 0.0 ], [ 104.210247288000062, -3.487807807999957, 0.0 ], [ 104.210423477000063, -3.487580572999946, 0.0 ], [ 104.211077654000064, -3.487025298999924, 0.0 ], [ 104.212033566000059, -3.486445011999933, 0.0 ], [ 104.213291253000079, -3.485789182999952, 0.0 ], [ 104.214548874000059, -3.485209145999931, 0.0 ], [ 104.215730796000059, -3.484957486999974, 0.0 ], [ 104.21623386300007, -3.484705257999963, 0.0 ], [ 104.216963148000048, -3.484529013999975, 0.0 ], [ 104.217641879000041, -3.484681168999941, 0.0 ], [ 104.218245265000064, -3.484732201999975, 0.0 ], [ 104.218572205000044, -3.484631414999967, 0.0 ], [ 104.21945230700004, -3.484505823999939, 0.0 ], [ 104.220634103000066, -3.484405746999926, 0.0 ], [ 104.221903573000077, -3.48424427599997, 0.0 ], [ 104.223250409000059, -3.483325614999956, 0.0 ], [ 104.224842445000036, -3.482127843999933, 0.0 ], [ 104.224467339000057, -3.479588630999956, 0.0 ], [ 104.224390380000045, -3.479044105999947, 0.0 ], [ 104.224146379000047, -3.47813042599995, 0.0 ], [ 104.223993832000076, -3.477559196999948, 0.0 ], [ 104.223824249000074, -3.476474168999971, 0.0 ], [ 104.223370646000035, -3.475274707999972, 0.0 ], [ 104.222632556000065, -3.474531807999938, 0.0 ], [ 104.221888229000058, -3.473501599999963, 0.0 ], [ 104.222457334000069, -3.472110913999927, 0.0 ], [ 104.22274838900006, -3.471482326999933, 0.0 ], [ 104.222760873000084, -3.471455366999976, 0.0 ], [ 104.22303944500004, -3.470853738999949, 0.0 ], [ 104.223443419000034, -3.468787925999948, 0.0 ], [ 104.224384321000059, -3.466048809999961, 0.0 ], [ 104.225011779000056, -3.463983176999932, 0.0 ], [ 104.225504738000041, -3.462411513999939, 0.0 ], [ 104.226086344000066, -3.461760702999925, 0.0 ], [ 104.227070651000076, -3.460593684999935, 0.0 ], [ 104.22747335300005, -3.460077478999949, 0.0 ], [ 104.227876181000056, -3.459404064999944, 0.0 ], [ 104.228592840000033, -3.457563080999932, 0.0 ], [ 104.22908560500008, -3.456215992999944, 0.0 ], [ 104.229341677000036, -3.455646659999957, 0.0 ], [ 104.229376063000075, -3.455660339999952, 0.0 ], [ 104.229370231000075, -3.455543510999973, 0.0 ], [ 104.229663233000053, -3.454516145999946, 0.0 ], [ 104.229935350000062, -3.453509734999955, 0.0 ], [ 104.230464769000037, -3.45191800899994, 0.0 ], [ 104.230500194000058, -3.451811500999952, 0.0 ], [ 104.230814146000057, -3.45067929399994, 0.0 ], [ 104.231399923000083, -3.448897190999958, 0.0 ], [ 104.231692886000076, -3.447911766999937, 0.0 ], [ 104.231874714000071, -3.447301854999978, 0.0 ], [ 104.232174176000058, -3.446297347999973, 0.0 ], [ 104.232571435000068, -3.445374921999928, 0.0 ], [ 104.232780515000059, -3.444892745999937, 0.0 ], [ 104.23367799600004, -3.444767641999931, 0.0 ], [ 104.234471115000076, -3.444663424999931, 0.0 ], [ 104.235097146000044, -3.444726844999934, 0.0 ], [ 104.235702407000076, -3.444664416999956, 0.0 ], [ 104.235869378000075, -3.444643578999944, 0.0 ], [ 104.236495175000073, -3.445000599999958, 0.0 ], [ 104.237083674000075, -3.444980682999926, 0.0 ], [ 104.237100429000066, -3.444979251999939, 0.0 ], [ 104.237103684000033, -3.44497897399998, 0.0 ], [ 104.237104039000087, -3.444980182999927, 0.0 ], [ 104.237061351000079, -3.44519377599994, 0.0 ], [ 104.237018661000036, -3.445411254999954, 0.0 ], [ 104.236987584000076, -3.445605435999937, 0.0 ], [ 104.236933260000058, -3.44586951399998, 0.0 ], [ 104.236851963000049, -3.446028697999964, 0.0 ], [ 104.236716459000036, -3.44630824799998, 0.0 ], [ 104.236693243000047, -3.446339301999956, 0.0 ], [ 104.23689801200004, -3.446448221999958, 0.0 ], [ 104.237145284000064, -3.446576597999979, 0.0 ], [ 104.237543244000051, -3.446775008999964, 0.0 ], [ 104.237701651000066, -3.446860587999936, 0.0 ], [ 104.237956654000072, -3.44698896899996, 0.0 ], [ 104.238037796000071, -3.44702399099998, 0.0 ], [ 104.238142147000076, -3.447035727999946, 0.0 ], [ 104.238144230000046, -3.44703405599995, 0.0 ], [ 104.238138142000082, -3.447033147999946, 0.0 ], [ 104.238125279000087, -3.447031230999926, 0.0 ], [ 104.23815307700005, -3.446831279999969, 0.0 ], [ 104.238153354000076, -3.446483568999952, 0.0 ], [ 104.238161890000072, -3.446111027999962, 0.0 ], [ 104.238129212000047, -3.445763291999981, 0.0 ], [ 104.238112920000049, -3.445531471999971, 0.0 ], [ 104.237956585000063, -3.445282979999945, 0.0 ], [ 104.237948241000083, -3.445278556999938, 0.0 ], [ 104.237948403000075, -3.445074748999957, 0.0 ], [ 104.238038779000078, -3.444738493999978, 0.0 ], [ 104.238219356000059, -3.444285889999946, 0.0 ], [ 104.238580128000081, -3.443859300999975, 0.0 ], [ 104.238992454000083, -3.443355141999973, 0.0 ], [ 104.239443324000035, -3.442941560999941, 0.0 ], [ 104.239881260000061, -3.442605582999931, 0.0 ], [ 104.24028056700007, -3.442282511999963, 0.0 ], [ 104.240564062000033, -3.441907603999937, 0.0 ], [ 104.240590217000033, -3.441390196999976, 0.0 ], [ 104.24047491500005, -3.440691577999928, 0.0 ], [ 104.240359441000066, -3.440212865999968, 0.0 ], [ 104.240231125000037, -3.439695335999943, 0.0 ], [ 104.240115550000041, -3.439345979999928, 0.0 ], [ 104.240032405000079, -3.438679725999975, 0.0 ], [ 104.240032803000076, -3.43817523499996, 0.0 ], [ 104.240033090000054, -3.437813035999966, 0.0 ], [ 104.240162339000051, -3.437153418999969, 0.0 ], [ 104.240289038000071, -3.436569973999951, 0.0 ], [ 104.24029153500004, -3.436558480999963, 0.0 ], [ 104.240459357000077, -3.435950638999941, 0.0 ], [ 104.240522823000049, -3.435800104999942, 0.0 ], [ 104.240525511000044, -3.435799369999927, 0.0 ], [ 104.240615639000055, -3.435774745999936, 0.0 ], [ 104.240716882000072, -3.435762109999928, 0.0 ], [ 104.240792768000063, -3.435813036999946, 0.0 ], [ 104.240974142000084, -3.435817419999978, 0.0 ], [ 104.241125990000057, -3.435821779999969, 0.0 ], [ 104.241290488000061, -3.435830388999932, 0.0 ], [ 104.241408603000082, -3.435817766999946, 0.0 ], [ 104.241543619000083, -3.43577124799998, 0.0 ], [ 104.241658038000082, -3.435765510999943, 0.0 ], [ 104.24180037800005, -3.435792115999959, 0.0 ], [ 104.241969016000041, -3.435898219999956, 0.0 ], [ 104.242111314000056, -3.43597781099993, 0.0 ], [ 104.24214820900005, -3.435993734999954, 0.0 ], [ 104.242280149000067, -3.435834884999963, 0.0 ], [ 104.242417449000072, -3.435564773999943, 0.0 ], [ 104.242538852000052, -3.43539532099993, 0.0 ], [ 104.242596897000055, -3.435337082999979, 0.0 ], [ 104.242655051000042, -3.435141085999931, 0.0 ], [ 104.242739558000039, -3.434955708999951, 0.0 ], [ 104.242845131000081, -3.434802135999973, 0.0 ], [ 104.24287687900005, -3.434659103999934, 0.0 ], [ 104.243014042000084, -3.434563838999964, 0.0 ], [ 104.243103721000068, -3.434505628999943, 0.0 ], [ 104.243235393000077, -3.43468588099995, 0.0 ], [ 104.243311219000077, -3.434813103999943, 0.0 ], [ 104.24340810800004, -3.434974254999929, 0.0 ], [ 104.243496533000041, -3.435169307999956, 0.0 ], [ 104.243517537000059, -3.435279532999971, 0.0 ], [ 104.243597627000042, -3.435347417999935, 0.0 ], [ 104.243804229000034, -3.435453548999931, 0.0 ], [ 104.243846288000043, -3.435606178999933, 0.0 ], [ 104.243890390000047, -3.435845704999963, 0.0 ], [ 104.243919748000053, -3.436061904999974, 0.0 ], [ 104.243966006000051, -3.436239969999974, 0.0 ], [ 104.244033255000033, -3.436545214999967, 0.0 ], [ 104.244058464000034, -3.436672398999974, 0.0 ], [ 104.244262864000063, -3.436895095999944, 0.0 ], [ 104.244397744000082, -3.437022365999951, 0.0 ], [ 104.244562107000036, -3.43720052499998, 0.0 ], [ 104.244675914000084, -3.437306584999931, 0.0 ], [ 104.244709635000049, -3.437336282999979, 0.0 ], [ 104.244852655000045, -3.437168434999933, 0.0 ], [ 104.245090030000085, -3.437030863999951, 0.0 ], [ 104.245306302000074, -3.436909170999968, 0.0 ], [ 104.245543660000067, -3.436792792999938, 0.0 ], [ 104.245765218000088, -3.436655207999934, 0.0 ], [ 104.246028956000032, -3.436517657999957, 0.0 ], [ 104.246192486000041, -3.436417115999973, 0.0 ], [ 104.246429869000053, -3.436268947999963, 0.0 ], [ 104.246667239000033, -3.436136673999954, 0.0 ], [ 104.246846583000035, -3.436041443999954, 0.0 ], [ 104.246858253000084, -3.436054413999955, 0.0 ], [ 104.247578303000068, -3.436854726999968, 0.0 ], [ 104.248080267000034, -3.437966786999937, 0.0 ], [ 104.248908382000081, -3.439963379999938, 0.0 ], [ 104.24923412000004, -3.441378480999958, 0.0 ], [ 104.249559936000082, -3.442692520999969, 0.0 ], [ 104.250162096000054, -3.444284695999954, 0.0 ], [ 104.250764060000051, -3.446129520999932, 0.0 ], [ 104.250914003000048, -3.447291831999962, 0.0 ], [ 104.251038288000075, -3.449111014999971, 0.0 ], [ 104.251087544000086, -3.450424836999957, 0.0 ], [ 104.251177404000032, -3.451258655999936, 0.0 ], [ 104.251312117000055, -3.451835209999956, 0.0 ], [ 104.251414785000065, -3.452236297999946, 0.0 ], [ 104.251453312000081, -3.452352749999932, 0.0 ], [ 104.251469861000032, -3.452371365999966, 0.0 ], [ 104.251455426000064, -3.452323752999973, 0.0 ], [ 104.25322895000005, -3.452823229999979, 0.0 ], [ 104.254532729000061, -3.45355826399998, 0.0 ], [ 104.255810527000051, -3.454162203999942, 0.0 ], [ 104.257192223000061, -3.455342944999927, 0.0 ], [ 104.259331245000055, -3.455501910999942, 0.0 ], [ 104.260100765000061, -3.455568048999965, 0.0 ], [ 104.261639379000087, -3.456250828999941, 0.0 ], [ 104.263777455000081, -3.457641869999975, 0.0 ], [ 104.264872350000076, -3.458638876999942, 0.0 ], [ 104.265758611000081, -3.459557076999943, 0.0 ], [ 104.267192465000051, -3.460790277999934, 0.0 ], [ 104.268365810000034, -3.461551410999959, 0.0 ], [ 104.269435071000032, -3.461971672999937, 0.0 ], [ 104.271782453000071, -3.462602637999964, 0.0 ], [ 104.273112711000067, -3.462865808999936, 0.0 ], [ 104.274051697000061, -3.463076248999926, 0.0 ], [ 104.274085632000038, -3.46307871099998, 0.0 ], [ 104.274526379000065, -3.463110686999926, 0.0 ], [ 104.274782057000039, -3.463129238999954, 0.0 ], [ 104.27444223100008, -3.464098920999959, 0.0 ], [ 104.274519715000054, -3.465121351999926, 0.0 ], [ 104.275209945000086, -3.466550580999979, 0.0 ], [ 104.276669851000065, -3.467862435999962, 0.0 ], [ 104.27771277800008, -3.468623459999947, 0.0 ], [ 104.279459712000062, -3.469856887999924, 0.0 ], [ 104.281128806000083, -3.47053974499994, 0.0 ], [ 104.283945368000047, -3.471747766999954, 0.0 ], [ 104.283958074000054, -3.471753705999959, 0.0 ], [ 104.285405768000032, -3.472430458999952, 0.0 ], [ 104.286527127000056, -3.472981818999926, 0.0 ], [ 104.288117793000083, -3.473900539999931, 0.0 ], [ 104.289434688000085, -3.474622438999972, 0.0 ], [ 104.291077400000063, -3.475724697999965, 0.0 ], [ 104.292120366000063, -3.47645949799994, 0.0 ], [ 104.292980604000036, -3.477351445999943, 0.0 ], [ 104.293225323000058, -3.477541970999937, 0.0 ], [ 104.295160353000085, -3.476564758999928, 0.0 ], [ 104.295820855000045, -3.476244718999965, 0.0 ], [ 104.296202903000051, -3.477041469999961, 0.0 ], [ 104.296321105000061, -3.477287975999957, 0.0 ], [ 104.296608168000034, -3.477999845999932, 0.0 ], [ 104.296678130000032, -3.478173339999955, 0.0 ], [ 104.297141292000049, -3.47932190299997, 0.0 ], [ 104.297614322000072, -3.480494932999932, 0.0 ], [ 104.300732732000085, -3.488227982999945, 0.0 ], [ 104.300864985000032, -3.488555941999948, 0.0 ], [ 104.301567547000047, -3.490298140999926, 0.0 ], [ 104.301763178000044, -3.490783263999958, 0.0 ], [ 104.303302846000065, -3.495858720999934, 0.0 ], [ 104.303373058000034, -3.496090170999935, 0.0 ], [ 104.303704734000064, -3.497183522999933, 0.0 ], [ 104.303828173000056, -3.497487842999931, 0.0 ], [ 104.300953303000085, -3.497595745999945, 0.0 ], [ 104.300518800000077, -3.497612052999955, 0.0 ], [ 104.299645259000044, -3.496794812999951, 0.0 ], [ 104.299680160000037, -3.49693704699996, 0.0 ], [ 104.299687832000075, -3.497067745999971, 0.0 ], [ 104.299665197000081, -3.497215977999929, 0.0 ], [ 104.299605302000032, -3.497459957999979, 0.0 ], [ 104.299512752000055, -3.497837444999959, 0.0 ], [ 104.299433262000036, -3.498195618999944, 0.0 ], [ 104.299409320000052, -3.498430441999972, 0.0 ], [ 104.299420888000043, -3.498856351999962, 0.0 ], [ 104.29953146400004, -3.499310195999954, 0.0 ], [ 104.299550282000041, -3.499452616999974, 0.0 ], [ 104.299559352000074, -3.49960490899997, 0.0 ], [ 104.299557909000043, -3.49972947599997, 0.0 ], [ 104.299545134000084, -3.49983937899998, 0.0 ], [ 104.299509733000036, -3.500000003999958, 0.0 ], [ 104.299498817000085, -3.500066677999939, 0.0 ], [ 104.299484229000086, -3.500132469999926, 0.0 ], [ 104.299403526000049, -3.500401427999975, 0.0 ], [ 104.299341261000052, -3.500572933999933, 0.0 ], [ 104.299297148000051, -3.500669787999925, 0.0 ], [ 104.299254806000079, -3.500781124999946, 0.0 ], [ 104.299214708000079, -3.500902459999963, 0.0 ], [ 104.29920087000005, -3.500988352999968, 0.0 ], [ 104.299198107000052, -3.501095638999971, 0.0 ], [ 104.299200951000046, -3.501193486999966, 0.0 ], [ 104.299210980000055, -3.501278971999966, 0.0 ], [ 104.299233504000085, -3.501364494999962, 0.0 ], [ 104.299259946000063, -3.501472817999968, 0.0 ], [ 104.299281422000035, -3.501541015999976, 0.0 ], [ 104.299306602000058, -3.501649680999947, 0.0 ], [ 104.299332831000072, -3.501801795999938, 0.0 ], [ 104.299342082000067, -3.501915125999972, 0.0 ], [ 104.299347599000043, -3.501978834999932, 0.0 ], [ 104.299350266000033, -3.502062142999932, 0.0 ], [ 104.29945708200006, -3.502560022999944, 0.0 ], [ 104.29948962800006, -3.502619390999939, 0.0 ], [ 104.29954060700004, -3.502721082999926, 0.0 ], [ 104.299591576000068, -3.502823705999958, 0.0 ], [ 104.299610746000042, -3.502861995999979, 0.0 ], [ 104.299641836000035, -3.502924095999958, 0.0 ], [ 104.297204859000033, -3.502350971999931, 0.0 ], [ 104.294627022000043, -3.501760221999973, 0.0 ], [ 104.29169760700006, -3.501169198999946, 0.0 ], [ 104.288299419000055, -3.500577810999971, 0.0 ], [ 104.285018522000087, -3.499868739999954, 0.0 ], [ 104.282804123000062, -3.499337064999963, 0.0 ], [ 104.282712520000075, -3.49922179899994, 0.0 ], [ 104.282283009000082, -3.498974738999948, 0.0 ], [ 104.281055438000067, -3.498788747999924, 0.0 ], [ 104.278968656000075, -3.498355361999927, 0.0 ], [ 104.276943217000053, -3.497983700999953, 0.0 ], [ 104.275040647000083, -3.497488765999947, 0.0 ], [ 104.274496166000063, -3.497373811999978, 0.0 ], [ 104.273896840000077, -3.497247276999929, 0.0 ], [ 104.272401502000037, -3.496931570999948, 0.0 ], [ 104.26963954200005, -3.49643595799995, 0.0 ], [ 104.269015382000077, -3.496314840999958, 0.0 ], [ 104.268043763000037, -3.496126297999979, 0.0 ], [ 104.266141061000042, -3.495816394999963, 0.0 ], [ 104.263993011000082, -3.49525956399998, 0.0 ], [ 104.261967542000036, -3.494949556999927, 0.0 ], [ 104.259267082000065, -3.494330598999966, 0.0 ], [ 104.257610123000063, -3.493774143999929, 0.0 ], [ 104.255277934000048, -3.493217149999964, 0.0 ], [ 104.253626603000043, -3.492767269999945, 0.0 ], [ 104.253467969000042, -3.492703362999976, 0.0 ], [ 104.252675307000061, -3.492278438999961, 0.0 ], [ 104.252160604000039, -3.491988267999943, 0.0 ], [ 104.251409137000053, -3.491563376999977, 0.0 ], [ 104.250739989000067, -3.491231685999935, 0.0 ], [ 104.250091444000077, -3.49088966599993, 0.0 ], [ 104.249360513000056, -3.490547577999962, 0.0 ], [ 104.248634676000052, -3.490272759999925, 0.0 ], [ 104.24827434000008, -3.490127589999929, 0.0 ], [ 104.247460938000074, -3.489888919999942, 0.0 ], [ 104.247091701000045, -3.489795847999972, 0.0 ], [ 104.247049076000053, -3.489785102999974, 0.0 ], [ 104.246565081000085, -3.489732971999956, 0.0 ], [ 104.246142863000046, -3.489701585999967, 0.0 ], [ 104.245627850000062, -3.489804656999979, 0.0 ], [ 104.245349465000061, -3.490208025999948, 0.0 ], [ 104.245304698000041, -3.49068742299994, 0.0 ], [ 104.245266366000067, -3.491097933999924, 0.0 ], [ 104.245253548000051, -3.491570166999963, 0.0 ], [ 104.245488891000036, -3.492519337999966, 0.0 ], [ 104.24577333600007, -3.493557246999956, 0.0 ], [ 104.245880237000051, -3.493939267999963, 0.0 ], [ 104.246444372000042, -3.495929341999954, 0.0 ], [ 104.246851789000061, -3.497382407999964, 0.0 ], [ 104.247353171000043, -3.499246106999976, 0.0 ], [ 104.247791944000085, -3.500793941999973, 0.0 ], [ 104.24810485200004, -3.502531163999947, 0.0 ], [ 104.248323169000059, -3.504647285999965, 0.0 ], [ 104.24835353900005, -3.505973723999944, 0.0 ], [ 104.248267320000082, -3.506662313999925, 0.0 ], [ 104.247470046000046, -3.508261351999977, 0.0 ], [ 104.246793664000052, -3.509679494999943, 0.0 ], [ 104.246485748000055, -3.51091288799995, 0.0 ], [ 104.245625306000079, -3.512207515999933, 0.0 ], [ 104.244335753000087, -3.512761608999938, 0.0 ], [ 104.243088782000086, -3.512587750999955, 0.0 ], [ 104.242565484000067, -3.512529748999953, 0.0 ], [ 104.242284831000063, -3.512294356999973, 0.0 ], [ 104.241882592000081, -3.512218233999931, 0.0 ], [ 104.241380147000086, -3.511687260999963, 0.0 ], [ 104.240802598000073, -3.510751985999946, 0.0 ], [ 104.240275153000084, -3.510044136999966, 0.0 ], [ 104.239973859000088, -3.509513325999933, 0.0 ], [ 104.239546948000054, -3.508856088999948, 0.0 ], [ 104.239044467000042, -3.508375643999955, 0.0 ], [ 104.238785380000081, -3.508169199999941, 0.0 ], [ 104.238441409000075, -3.507895116999975, 0.0 ], [ 104.237712694000038, -3.507338692999951, 0.0 ], [ 104.237411074000079, -3.507212120999952, 0.0 ], [ 104.237159723000048, -3.50711085599994, 0.0 ], [ 104.236556442000051, -3.506908241999952, 0.0 ], [ 104.235726809000084, -3.506781236999927, 0.0 ], [ 104.234746294000047, -3.50667937299994, 0.0 ], [ 104.234168056000044, -3.506603103999964, 0.0 ], [ 104.233238014000051, -3.506273893999946, 0.0 ], [ 104.232584532000033, -3.505970177999927, 0.0 ], [ 104.231981542000085, -3.505413852999936, 0.0 ], [ 104.231554538000069, -3.504882936999934, 0.0 ], [ 104.230951816000072, -3.503998168999942, 0.0 ], [ 104.230299265000042, -3.502557530999979, 0.0 ], [ 104.229922898000041, -3.501597153999967, 0.0 ], [ 104.229584114000033, -3.500801029999934, 0.0 ], [ 104.229283056000043, -3.499992303999932, 0.0 ], [ 104.229283550000048, -3.499385946999951, 0.0 ], [ 104.229081669000038, -3.49860879199997, 0.0 ], [ 104.229010585000083, -3.49833515499995, 0.0 ], [ 104.229007842000044, -3.49832459299995, 0.0 ], [ 104.228940196000053, -3.498064183999929, 0.0 ], [ 104.22873213400004, -3.497263239999938, 0.0 ], [ 104.228732755000067, -3.496505292999927, 0.0 ], [ 104.228156340000055, -3.494205711999939, 0.0 ], [ 104.227793013000053, -3.49267688499998, 0.0 ], [ 104.227542492000055, -3.491565021999975, 0.0 ], [ 104.22736692400008, -3.491034313999933, 0.0 ], [ 104.226035398000079, -3.489744705999954, 0.0 ], [ 104.22495507900004, -3.488733215999957, 0.0 ], [ 104.224555199000065, -3.48847210699995, 0.0 ], [ 104.223666014000059, -3.487986, 0.0 ], [ 104.223166302000038, -3.488496947999977, 0.0 ], [ 104.222767549000082, -3.48890466499995, 0.0 ] ] ] ] } },
{ "type": "Feature", "properties": { "fid": 77.0, "OBJECTID": 10633.0, "NAMOBJ": "Gunung Kemala", "FCODE": "BA03070040", "REMARK": null, "METADATA": "TASWIL1000020230928_DATA_BATAS_DESAKELURAHAN", "SRS_ID": "SRGI 2013", "KDBBPS": null, "KDCBPS": null, "KDCPUM": "16.74.01", "KDEBPS": null, "KDEPUM": "16.74.01.1011", "KDPBPS": null, "KDPKAB": "16.74", "KDPPUM": "16", "LUASWH": 3873.9276256565608, "TIPADM": 2.0, "WADMKC": "Prabumulih Barat", "WADMKD": "Gunung Kemala", "WADMKK": "Kota Prabumulih", "WADMPR": "Sumatera Selatan", "WIADKC": null, "WIADKK": null, "WIADPR": null, "WIADKD": null, "UUPP": "Hasil Delineasi Batas Desa 2018", "Shape_Leng": 0.297764873717214, "Shape_Area": 0.0031526380697899999 }, "geometry": { "type": "MultiPolygon", "coordinates": [ [ [ [ 104.212595031000035, -3.467796129999954, 0.0 ], [ 104.211870526000041, -3.467414004999966, 0.0 ], [ 104.210620718000087, -3.467070363999937, 0.0 ], [ 104.210223057000064, -3.466955834999965, 0.0 ], [ 104.209739938000041, -3.46699138799994, 0.0 ], [ 104.208688763000055, -3.467068745999939, 0.0 ], [ 104.207268112000065, -3.467181749999952, 0.0 ], [ 104.20579082900008, -3.467066308999961, 0.0 ], [ 104.205052236000085, -3.46695148799995, 0.0 ], [ 104.203575384000032, -3.466322151999975, 0.0 ], [ 104.201530555000033, -3.465406838999968, 0.0 ], [ 104.199854664000043, -3.464977174999945, 0.0 ], [ 104.198263698000062, -3.464918725999951, 0.0 ], [ 104.197240805000035, -3.465032053999948, 0.0 ], [ 104.196047255000053, -3.465373630999977, 0.0 ], [ 104.194853801000079, -3.465601008999954, 0.0 ], [ 104.193490122000071, -3.465542744999937, 0.0 ], [ 104.192183508000085, -3.46519903199993, 0.0 ], [ 104.191103892000058, -3.465198107999925, 0.0 ], [ 104.189967406000051, -3.46525423099996, 0.0 ], [ 104.188944223000078, -3.465710142999967, 0.0 ], [ 104.187466416000063, -3.466222760999926, 0.0 ], [ 104.185988119000058, -3.467306362999977, 0.0 ], [ 104.183714214000076, -3.468503471999952, 0.0 ], [ 104.182179285000075, -3.469358621999959, 0.0 ], [ 104.180189678000033, -3.470327571999974, 0.0 ], [ 104.178200119000053, -3.471239416999936, 0.0 ], [ 104.175869226000088, -3.472607747999973, 0.0 ], [ 104.173140673000034, -3.473861524999961, 0.0 ], [ 104.170639253000047, -3.475286787999949, 0.0 ], [ 104.169115638000051, -3.476176180999971, 0.0 ], [ 104.16688720500008, -3.477316178999956, 0.0 ], [ 104.166341431000035, -3.477635447999944, 0.0 ], [ 104.166281115000061, -3.477704801999948, 0.0 ], [ 104.165983155000049, -3.477892950999944, 0.0 ], [ 104.164756562000036, -3.478437205999967, 0.0 ], [ 104.163127663000068, -3.479324462999955, 0.0 ], [ 104.16204173400007, -3.479909233999933, 0.0 ], [ 104.161107998000034, -3.480416495999975, 0.0 ], [ 104.160226682000086, -3.480854612999963, 0.0 ], [ 104.159493779000059, -3.481277206999948, 0.0 ], [ 104.159054083000058, -3.481479236999974, 0.0 ], [ 104.158201954000049, -3.482113347999928, 0.0 ], [ 104.157157447000088, -3.482848497999953, 0.0 ], [ 104.156149595000045, -3.483546873999956, 0.0 ], [ 104.155123463000052, -3.484208427999931, 0.0 ], [ 104.154445513000042, -3.484612664999929, 0.0 ], [ 104.153401130000077, -3.485200590999966, 0.0 ], [ 104.152796415000068, -3.485623293999936, 0.0 ], [ 104.151990170000033, -3.486137824999958, 0.0 ], [ 104.15088161500006, -3.486808499999938, 0.0 ], [ 104.148719522000079, -3.488057882999954, 0.0 ], [ 104.147034118000079, -3.48870042599998, 0.0 ], [ 104.144945704000065, -3.489471408999975, 0.0 ], [ 104.144942101000083, -3.48947256699995, 0.0 ], [ 104.144795495000039, -3.489519670999925, 0.0 ], [ 104.144781323000075, -3.489524225999958, 0.0 ], [ 104.14379923100006, -3.489839773999961, 0.0 ], [ 104.143004541000039, -3.490095108999981, 0.0 ], [ 104.143003929000088, -3.490095305999944, 0.0 ], [ 104.143369795000069, -3.490537290999953, 0.0 ], [ 104.143607418000045, -3.491034364999962, 0.0 ], [ 104.143194625000035, -3.491852879999954, 0.0 ], [ 104.142790965000074, -3.492699006999942, 0.0 ], [ 104.142607346000034, -3.49323249899993, 0.0 ], [ 104.142533677000074, -3.493692483999951, 0.0 ], [ 104.142570051000064, -3.493968548999931, 0.0 ], [ 104.142687841000054, -3.494189970999969, 0.0 ], [ 104.142810241000063, -3.494420061999961, 0.0 ], [ 104.142844284000034, -3.494484058999944, 0.0 ], [ 104.143008971000086, -3.494631425999955, 0.0 ], [ 104.143320115000051, -3.494834133999973, 0.0 ], [ 104.14359470100004, -3.494963200999962, 0.0 ], [ 104.143905961000087, -3.49503709399994, 0.0 ], [ 104.144143885000062, -3.495202929999948, 0.0 ], [ 104.144491606000088, -3.49546087799996, 0.0 ], [ 104.144509804000052, -3.495589707999954, 0.0 ], [ 104.14461951800007, -3.495773827999926, 0.0 ], [ 104.144747462000055, -3.496049978999963, 0.0 ], [ 104.144747178000046, -3.496362811999973, 0.0 ], [ 104.144783571000062, -3.496620477999954, 0.0 ], [ 104.144773905000079, -3.497181730999955, 0.0 ], [ 104.144627165000088, -3.497439226999973, 0.0 ], [ 104.144517068000084, -3.497678353999959, 0.0 ], [ 104.144388506000041, -3.498083080999947, 0.0 ], [ 104.144260129000088, -3.498285387999942, 0.0 ], [ 104.144076693000045, -3.498616456999969, 0.0 ], [ 104.143790874000047, -3.499201992999929, 0.0 ], [ 104.143762731000038, -3.49912577799995, 0.0 ], [ 104.143756507000035, -3.499038929999926, 0.0 ], [ 104.14376109400007, -3.498945761999948, 0.0 ], [ 104.143788172000086, -3.498867086999951, 0.0 ], [ 104.143826045000083, -3.498797467999964, 0.0 ], [ 104.143864823000058, -3.498723325999947, 0.0 ], [ 104.143908116000034, -3.49863471499998, 0.0 ], [ 104.143935194000051, -3.498556039999926, 0.0 ], [ 104.143937056000084, -3.498488196999972, 0.0 ], [ 104.143912804000081, -3.498427566999965, 0.0 ], [ 104.143849853000063, -3.49835514199998, 0.0 ], [ 104.143776991000038, -3.498291752999933, 0.0 ], [ 104.143713118000051, -3.498242845999926, 0.0 ], [ 104.143645656000047, -3.498181271999954, 0.0 ], [ 104.143606100000056, -3.498121531999971, 0.0 ], [ 104.143588133000037, -3.49807990499994, 0.0 ], [ 104.143573851000042, -3.497945106999964, 0.0 ], [ 104.143576631000087, -3.49785736299998, 0.0 ], [ 104.143591143000037, -3.497739778999971, 0.0 ], [ 104.143607425000084, -3.497652952999942, 0.0 ], [ 104.14361559200006, -3.497581497999931, 0.0 ], [ 104.14361567900005, -3.497486513999945, 0.0 ], [ 104.143606765000072, -3.497388809999961, 0.0 ], [ 104.143569065000065, -3.497267558999965, 0.0 ], [ 104.143514239000069, -3.497169812999971, 0.0 ], [ 104.143441413000062, -3.497066621999977, 0.0 ], [ 104.143390326000087, -3.496985822999932, 0.0 ], [ 104.143347087000052, -3.496896942999967, 0.0 ], [ 104.143319207000047, -3.496816839999951, 0.0 ], [ 104.143304876000059, -3.496738127999947, 0.0 ], [ 104.143295421000062, -3.496660242999951, 0.0 ], [ 104.143281345000048, -3.49658743699996, 0.0 ], [ 104.143265755000073, -3.496544579999977, 0.0 ], [ 104.143246575000035, -3.496501070999955, 0.0 ], [ 104.143195321000064, -3.49643498699993, 0.0 ], [ 104.143131456000049, -3.496377939999945, 0.0 ], [ 104.143054077000045, -3.496331734999956, 0.0 ], [ 104.142975798000066, -3.49628552799993, 0.0 ], [ 104.142877725000062, -3.496227543999964, 0.0 ], [ 104.142788626000083, -3.496161254999947, 0.0 ], [ 104.142705679000073, -3.496090755999944, 0.0 ], [ 104.142607539000039, -3.496006892999958, 0.0 ], [ 104.142518823000046, -3.495914939999977, 0.0 ], [ 104.142416680000053, -3.495797292999953, 0.0 ], [ 104.142314540000086, -3.495667498999978, 0.0 ], [ 104.142203567000081, -3.495481790999975, 0.0 ], [ 104.142090259000042, -3.495296290999931, 0.0 ], [ 104.141992328000072, -3.495161551999956, 0.0 ], [ 104.14194271100007, -3.495107012999938, 0.0 ], [ 104.141903758000069, -3.49506761899994, 0.0 ], [ 104.141851809000059, -3.495024095999952, 0.0 ], [ 104.141771856000048, -3.494967105999933, 0.0 ], [ 104.141661078000084, -3.494903401999977, 0.0 ], [ 104.141475872000058, -3.494823553999936, 0.0 ], [ 104.141350630000034, -3.494765219999977, 0.0 ], [ 104.141230991000043, -3.494712525999944, 0.0 ], [ 104.141154272000051, -3.494683625999926, 0.0 ], [ 104.141044476000047, -3.49464824599994, 0.0 ], [ 104.140950873000065, -3.494624640999973, 0.0 ], [ 104.14086807800004, -3.494594712999969, 0.0 ], [ 104.140781702000083, -3.494543071999942, 0.0 ], [ 104.140732228000047, -3.494500509999966, 0.0 ], [ 104.140641692000088, -3.494420351999963, 0.0 ], [ 104.140527319000057, -3.494309542999929, 0.0 ], [ 104.140406032000044, -3.494179042999974, 0.0 ], [ 104.140264056000035, -3.494060120999961, 0.0 ], [ 104.140312216000041, -3.494042262999926, 0.0 ], [ 104.140405093000084, -3.494003586999952, 0.0 ], [ 104.140538694000043, -3.493928274999973, 0.0 ], [ 104.140655612000046, -3.493844571999944, 0.0 ], [ 104.140870685000039, -3.493648869999959, 0.0 ], [ 104.141197900000066, -3.493394236999961, 0.0 ], [ 104.14160204600006, -3.493024283999944, 0.0 ], [ 104.141976483000064, -3.492675443999929, 0.0 ], [ 104.142252470000074, -3.492403657999944, 0.0 ], [ 104.142363399000033, -3.492303168999968, 0.0 ], [ 104.142181435000055, -3.491999093999937, 0.0 ], [ 104.142169784000032, -3.491889982999965, 0.0 ], [ 104.142146755000056, -3.491781055999979, 0.0 ], [ 104.142104022000069, -3.491664275999938, 0.0 ], [ 104.142042350000054, -3.491527892999954, 0.0 ], [ 104.141953022000052, -3.491372093999928, 0.0 ], [ 104.141794408000067, -3.491114962999973, 0.0 ], [ 104.141550259000041, -3.490698707999968, 0.0 ], [ 104.139856948000045, -3.488003913999933, 0.0 ], [ 104.139458072000082, -3.487228286999937, 0.0 ], [ 104.138542305000044, -3.485385073999964, 0.0 ], [ 104.138346067000043, -3.485083587999952, 0.0 ], [ 104.137805970000045, -3.484253824999939, 0.0 ], [ 104.137651566000045, -3.483955760999947, 0.0 ], [ 104.137625910000054, -3.483819604999951, 0.0 ], [ 104.137619607000033, -3.483664273999977, 0.0 ], [ 104.137664809000057, -3.483567162999975, 0.0 ], [ 104.137716433000037, -3.483495914999935, 0.0 ], [ 104.137909889000071, -3.483372886999973, 0.0 ], [ 104.13805863500005, -3.483224161999942, 0.0 ], [ 104.138271519000057, -3.48299753699996, 0.0 ], [ 104.138394065000057, -3.482894033999969, 0.0 ], [ 104.138445736000051, -3.48277107399997, 0.0 ], [ 104.138534524000079, -3.482268937999947, 0.0 ], [ 104.138626506000037, -3.482005182999956, 0.0 ], [ 104.138784454000074, -3.481741685999964, 0.0 ], [ 104.138889612000071, -3.481583516999933, 0.0 ], [ 104.138955329000055, -3.481438436999952, 0.0 ], [ 104.139008191000073, -3.481253973999969, 0.0 ], [ 104.139047822000066, -3.481029735999925, 0.0 ], [ 104.139034735000052, -3.480831893999948, 0.0 ], [ 104.139034974000083, -3.480568249999976, 0.0 ], [ 104.13902183600004, -3.480423096999971, 0.0 ], [ 104.139033958000084, -3.480281653999953, 0.0 ], [ 104.138953675000039, -3.480183114999932, 0.0 ], [ 104.13889234700008, -3.480109803999937, 0.0 ], [ 104.138845857000035, -3.479972561999944, 0.0 ], [ 104.138798074000078, -3.479834583999946, 0.0 ], [ 104.138772051000046, -3.479742291999969, 0.0 ], [ 104.138717215000042, -3.47965811499995, 0.0 ], [ 104.138589503000048, -3.479525926999941, 0.0 ], [ 104.138435641000058, -3.479441657999928, 0.0 ], [ 104.13833485400005, -3.479399953999973, 0.0 ], [ 104.138258368000038, -3.479364605999933, 0.0 ], [ 104.138179194000088, -3.479312969999967, 0.0 ], [ 104.138120721000064, -3.479268591999926, 0.0 ], [ 104.138085660000058, -3.479216092999934, 0.0 ], [ 104.138058705000049, -3.479159078999942, 0.0 ], [ 104.138010166000072, -3.479079429999956, 0.0 ], [ 104.137966997000035, -3.47903325599998, 0.0 ], [ 104.137904925000043, -3.478985254999941, 0.0 ], [ 104.137861205000036, -3.47894180399993, 0.0 ], [ 104.137826745000041, -3.478900830999976, 0.0 ], [ 104.137798557000053, -3.478855131999978, 0.0 ], [ 104.137775867000073, -3.478809445999957, 0.0 ], [ 104.137751614000081, -3.478751157999966, 0.0 ], [ 104.137732070000084, -3.478692088999935, 0.0 ], [ 104.137716458000057, -3.478615445999935, 0.0 ], [ 104.137706335000075, -3.478540635999934, 0.0 ], [ 104.137699359000067, -3.478451653999969, 0.0 ], [ 104.137697094000032, -3.478358749999927, 0.0 ], [ 104.137701094000079, -3.47827572999995, 0.0 ], [ 104.137709794000045, -3.478192280999963, 0.0 ], [ 104.137724812000044, -3.478070543999934, 0.0 ], [ 104.137731170000052, -3.478009036999936, 0.0 ], [ 104.137732138000047, -3.477933956999948, 0.0 ], [ 104.137727752000046, -3.477876718999937, 0.0 ], [ 104.13769534100004, -3.477810897999973, 0.0 ], [ 104.137647679000054, -3.47775567399998, 0.0 ], [ 104.137579312000071, -3.477701334999949, 0.0 ], [ 104.137513649000084, -3.47764338099995, 0.0 ], [ 104.137465081000073, -3.477594487999966, 0.0 ], [ 104.137390543000038, -3.477505191999967, 0.0 ], [ 104.137317385000074, -3.477394781999976, 0.0 ], [ 104.137248026000066, -3.47728183299995, 0.0 ], [ 104.137198884000043, -3.477161295999963, 0.0 ], [ 104.137156080000068, -3.477012856999977, 0.0 ], [ 104.137109600000088, -3.476706011999966, 0.0 ], [ 104.137022856000044, -3.476209734999941, 0.0 ], [ 104.136907848000078, -3.475696056999936, 0.0 ], [ 104.138953344000072, -3.472185260999936, 0.0 ], [ 104.14013880300007, -3.47015057599998, 0.0 ], [ 104.140223039000034, -3.470005995999941, 0.0 ], [ 104.140274905000069, -3.469732328999953, 0.0 ], [ 104.140348430000074, -3.469642275999945, 0.0 ], [ 104.140505363000045, -3.469450061999964, 0.0 ], [ 104.140575990000059, -3.469363556999951, 0.0 ], [ 104.140691898000057, -3.469234378999943, 0.0 ], [ 104.140831914000046, -3.46907833299997, 0.0 ], [ 104.140851733000034, -3.469056244999933, 0.0 ], [ 104.140925992000064, -3.468986197999925, 0.0 ], [ 104.141028471000084, -3.468889529999956, 0.0 ], [ 104.14106346300008, -3.468856521999953, 0.0 ], [ 104.141088312000079, -3.468837529999973, 0.0 ], [ 104.141286870000044, -3.468685756999946, 0.0 ], [ 104.141307854000047, -3.468671821999976, 0.0 ], [ 104.141365979000057, -3.468633222999927, 0.0 ], [ 104.141446393000081, -3.468579821999981, 0.0 ], [ 104.141486837000059, -3.468552963999969, 0.0 ], [ 104.14169122800007, -3.468465056999946, 0.0 ], [ 104.141740795000032, -3.468443738999952, 0.0 ], [ 104.141826463000086, -3.468416121999951, 0.0 ], [ 104.141985175000059, -3.468364953999981, 0.0 ], [ 104.142003445000057, -3.468359063999969, 0.0 ], [ 104.142079116000048, -3.468334673999948, 0.0 ], [ 104.142079373000058, -3.468334590999973, 0.0 ], [ 104.142238716000065, -3.468278884999961, 0.0 ], [ 104.142329711000059, -3.46824707299993, 0.0 ], [ 104.142218205000063, -3.468140432999974, 0.0 ], [ 104.142168577000064, -3.468092972999955, 0.0 ], [ 104.142118500000038, -3.468059491999952, 0.0 ], [ 104.141940961000046, -3.467940792999968, 0.0 ], [ 104.141879811000081, -3.467890863999969, 0.0 ], [ 104.141771885000082, -3.467802739999968, 0.0 ], [ 104.14174575800007, -3.467781405999972, 0.0 ], [ 104.141700805000085, -3.46772528799994, 0.0 ], [ 104.141655839000066, -3.467669154999953, 0.0 ], [ 104.141593816000068, -3.467566878999946, 0.0 ], [ 104.141555677000042, -3.467464795999945, 0.0 ], [ 104.141507604000083, -3.467336127999943, 0.0 ], [ 104.141487249000079, -3.467283172999942, 0.0 ], [ 104.141423119000081, -3.467116333999968, 0.0 ], [ 104.141395895000073, -3.467045502999952, 0.0 ], [ 104.141334230000041, -3.466885064999929, 0.0 ], [ 104.141327085000057, -3.466866477999929, 0.0 ], [ 104.141290264000077, -3.466769652999972, 0.0 ], [ 104.141239933000065, -3.466680051999958, 0.0 ], [ 104.141204869000035, -3.46663117199995, 0.0 ], [ 104.141195985000081, -3.466622886999971, 0.0 ], [ 104.141144358000076, -3.466574743999956, 0.0 ], [ 104.141119421000042, -3.466551488999926, 0.0 ], [ 104.141077818000042, -3.46652019499993, 0.0 ], [ 104.141041156000085, -3.46649261999994, 0.0 ], [ 104.140957111000034, -3.466430002999971, 0.0 ], [ 104.14095119600006, -3.466425596999954, 0.0 ], [ 104.140909201000056, -3.466385522999929, 0.0 ], [ 104.141494561000059, -3.463296888999935, 0.0 ], [ 104.141278151000051, -3.462869223999974, 0.0 ], [ 104.136753774000056, -3.453928158999929, 0.0 ], [ 104.137098728000069, -3.45253848699997, 0.0 ], [ 104.137361879000082, -3.451478364999957, 0.0 ], [ 104.137573887000087, -3.450624278999953, 0.0 ], [ 104.137574388000075, -3.450622259999932, 0.0 ], [ 104.138343298000052, -3.447524620999957, 0.0 ], [ 104.138563032000036, -3.446639392999941, 0.0 ], [ 104.138596862000043, -3.446503102999941, 0.0 ], [ 104.140064180000081, -3.446495388999949, 0.0 ], [ 104.141827592000084, -3.44137670799995, 0.0 ], [ 104.142223203000071, -3.440228348999938, 0.0 ], [ 104.142891445000032, -3.438288606999947, 0.0 ], [ 104.14428388400006, -3.43424665699996, 0.0 ], [ 104.144488258000081, -3.433653399999969, 0.0 ], [ 104.145115970000063, -3.431831270999965, 0.0 ], [ 104.146288585000036, -3.42842735499994, 0.0 ], [ 104.146509382000033, -3.427786416999936, 0.0 ], [ 104.147849306000069, -3.423896785999943, 0.0 ], [ 104.149465946000078, -3.419203816999925, 0.0 ], [ 104.150316653000061, -3.416734263999956, 0.0 ], [ 104.151088390000041, -3.414889943999981, 0.0 ], [ 104.151178492000042, -3.414674615999957, 0.0 ], [ 104.152442395000037, -3.411654082999974, 0.0 ], [ 104.152529407000088, -3.411446137999974, 0.0 ], [ 104.152781972000071, -3.410842541999955, 0.0 ], [ 104.153699348000032, -3.40865013399997, 0.0 ], [ 104.153628053000034, -3.408310268999969, 0.0 ], [ 104.153135926000061, -3.405964275999963, 0.0 ], [ 104.152244074000066, -3.401712762999978, 0.0 ], [ 104.151981676000048, -3.400461893999932, 0.0 ], [ 104.151951328000052, -3.400317220999966, 0.0 ], [ 104.148760217000074, -3.395458313999939, 0.0 ], [ 104.148565022000071, -3.395161100999928, 0.0 ], [ 104.142226096000059, -3.385509067999976, 0.0 ], [ 104.140211172000079, -3.38244098499996, 0.0 ], [ 104.138205715000083, -3.379568717999973, 0.0 ], [ 104.131274184000063, -3.369641071999979, 0.0 ], [ 104.130699223000079, -3.368817576999959, 0.0 ], [ 104.127951604000032, -3.364882254999941, 0.0 ], [ 104.127650732000063, -3.364451322999969, 0.0 ], [ 104.12484763100008, -3.36043650199997, 0.0 ], [ 104.125912195000069, -3.357823296999925, 0.0 ], [ 104.126271236000036, -3.356941952999932, 0.0 ], [ 104.126976759000058, -3.355210092999926, 0.0 ], [ 104.128706554000075, -3.350963872999955, 0.0 ], [ 104.128976954000052, -3.350300101999949, 0.0 ], [ 104.129148060000034, -3.349880073999941, 0.0 ], [ 104.130446904000053, -3.346691687999964, 0.0 ], [ 104.130726616000061, -3.346005052999942, 0.0 ], [ 104.130916298000045, -3.345539418999977, 0.0 ], [ 104.131061716000033, -3.345182444999978, 0.0 ], [ 104.131076854000071, -3.345145285999934, 0.0 ], [ 104.131098924000071, -3.345091107999963, 0.0 ], [ 104.131620571000042, -3.344584872999974, 0.0 ], [ 104.131795373000045, -3.344395937999934, 0.0 ], [ 104.132168292000074, -3.343992868999976, 0.0 ], [ 104.132212506000087, -3.343945168999937, 0.0 ], [ 104.132214580000038, -3.343942930999958, 0.0 ], [ 104.132214669000064, -3.34394273199996, 0.0 ], [ 104.132214692000048, -3.343942717999937, 0.0 ], [ 104.132218760000058, -3.343940677999967, 0.0 ], [ 104.132239442000071, -3.343930308999973, 0.0 ], [ 104.132451228000036, -3.34382412399998, 0.0 ], [ 104.132730722000076, -3.343683989999931, 0.0 ], [ 104.132804897000085, -3.343387897999946, 0.0 ], [ 104.13280510900006, -3.343147366999972, 0.0 ], [ 104.132805336000047, -3.342888227999936, 0.0 ], [ 104.13276879600005, -3.342628859999934, 0.0 ], [ 104.132658356000036, -3.342351211999926, 0.0 ], [ 104.13252970700006, -3.342091957999969, 0.0 ], [ 104.132419236000032, -3.341851133999967, 0.0 ], [ 104.132272012000044, -3.341591863999952, 0.0 ], [ 104.131940814000075, -3.341054683999971, 0.0 ], [ 104.131701564000082, -3.34070268499994, 0.0 ], [ 104.131538837000051, -3.340501847999974, 0.0 ], [ 104.13129641900008, -3.340202656999963, 0.0 ], [ 104.131017791000033, -3.339801457999954, 0.0 ], [ 104.130872157000056, -3.339459139999974, 0.0 ], [ 104.130854731000056, -3.339309852999975, 0.0 ], [ 104.130839802000082, -3.339181952999979, 0.0 ], [ 104.130839724000055, -3.339181326999949, 0.0 ], [ 104.130807434000076, -3.338921217999939, 0.0 ], [ 104.130775486000061, -3.338611515999958, 0.0 ], [ 104.130775541000048, -3.338548930999934, 0.0 ], [ 104.130775716000073, -3.338350713999944, 0.0 ], [ 104.130775745000051, -3.338318098999935, 0.0 ], [ 104.130778457000076, -3.338289550999946, 0.0 ], [ 104.130791057000067, -3.338156904999948, 0.0 ], [ 104.130808265000042, -3.337975743999948, 0.0 ], [ 104.130938608000065, -3.337600959999975, 0.0 ], [ 104.131020039000077, -3.337242586999935, 0.0 ], [ 104.131101442000045, -3.336916726999959, 0.0 ], [ 104.131133052000052, -3.336829516999956, 0.0 ], [ 104.131231392000075, -3.336558200999946, 0.0 ], [ 104.131252491000055, -3.33650894799996, 0.0 ], [ 104.131378005000045, -3.336215946999971, 0.0 ], [ 104.13146561700006, -3.336007172999928, 0.0 ], [ 104.131507912000075, -3.335906386999966, 0.0 ], [ 104.131670359000054, -3.335662082999931, 0.0 ], [ 104.131717071000082, -3.335516815999938, 0.0 ], [ 104.131817072000047, -3.335205830999939, 0.0 ], [ 104.131833207000057, -3.334961396999972, 0.0 ], [ 104.131898818000082, -3.334488814999929, 0.0 ], [ 104.131801616000075, -3.33424427999995, 0.0 ], [ 104.131461296000055, -3.333738627999935, 0.0 ], [ 104.131347667000057, -3.333640786999979, 0.0 ], [ 104.131169193000062, -3.33357540399993, 0.0 ], [ 104.130844771000056, -3.333526148999965, 0.0 ], [ 104.130471395000086, -3.333542269999953, 0.0 ], [ 104.130065799000079, -3.333558167999968, 0.0 ], [ 104.129936931000088, -3.333570348999956, 0.0 ], [ 104.129725007000047, -3.333590379999976, 0.0 ], [ 104.129043479000075, -3.33358977499995, 0.0 ], [ 104.128410921000068, -3.333507729999951, 0.0 ], [ 104.127907705000041, -3.333328059999928, 0.0 ], [ 104.127388989000053, -3.333099406999963, 0.0 ], [ 104.12677251000008, -3.332837956999981, 0.0 ], [ 104.126172602000054, -3.332267042999945, 0.0 ], [ 104.125832301000059, -3.33174513299997, 0.0 ], [ 104.125605304000032, -3.331256033999978, 0.0 ], [ 104.125508556000057, -3.330930016999957, 0.0 ], [ 104.125469377000059, -3.330794247999961, 0.0 ], [ 104.125362689000042, -3.330424537999932, 0.0 ], [ 104.125265591000073, -3.330065809999951, 0.0 ], [ 104.125201235000077, -3.329544341999963, 0.0 ], [ 104.125169433000053, -3.329071478999936, 0.0 ], [ 104.125169979000077, -3.328452131999939, 0.0 ], [ 104.125374588000057, -3.327679404999969, 0.0 ], [ 104.125446467000074, -3.327406814999961, 0.0 ], [ 104.125550976000056, -3.327153673999931, 0.0 ], [ 104.12561816200008, -3.326990935999959, 0.0 ], [ 104.125847042000032, -3.326632300999961, 0.0 ], [ 104.125986847000036, -3.326465828999972, 0.0 ], [ 104.126075846000049, -3.32635985099995, 0.0 ], [ 104.126304625000046, -3.326115997999977, 0.0 ], [ 104.126590639000085, -3.325872390999962, 0.0 ], [ 104.126833783000052, -3.325671643999954, 0.0 ], [ 104.127233940000053, -3.325370747999955, 0.0 ], [ 104.127762946000075, -3.325098562999926, 0.0 ], [ 104.128191733000051, -3.32499846099995, 0.0 ], [ 104.12853449000005, -3.324883983999939, 0.0 ], [ 104.128920382000047, -3.324855532999948, 0.0 ], [ 104.12904297700004, -3.324851257999967, 0.0 ], [ 104.129320286000052, -3.32484158699998, 0.0 ], [ 104.129891885000063, -3.324842094999951, 0.0 ], [ 104.130334962000063, -3.324871084999927, 0.0 ], [ 104.130806026000073, -3.324971983999944, 0.0 ], [ 104.131148949000078, -3.325101562999976, 0.0 ], [ 104.131677566000064, -3.325274201999946, 0.0 ], [ 104.13220577800007, -3.325475436999966, 0.0 ], [ 104.132905748000042, -3.325619629999949, 0.0 ], [ 104.134120020000069, -3.325835963999964, 0.0 ], [ 104.134748831000081, -3.325865310999973, 0.0 ], [ 104.13540572900007, -3.325851394999972, 0.0 ], [ 104.136077434000072, -3.325809088999961, 0.0 ], [ 104.13657743300007, -3.32576643699997, 0.0 ], [ 104.136934948000032, -3.325680567999939, 0.0 ], [ 104.137435007000079, -3.325566223999942, 0.0 ], [ 104.138049627000044, -3.325351499999954, 0.0 ], [ 104.138521078000053, -3.325007568999979, 0.0 ], [ 104.138921650000043, -3.324663380999937, 0.0 ], [ 104.139518417000033, -3.324053563999939, 0.0 ], [ 104.139953140000046, -3.323663765999925, 0.0 ], [ 104.140410345000078, -3.323136289999979, 0.0 ], [ 104.140753379000046, -3.322700575999932, 0.0 ], [ 104.14089331200006, -3.322552479999956, 0.0 ], [ 104.141165019000084, -3.322264922999977, 0.0 ], [ 104.141531194000038, -3.321806312999968, 0.0 ], [ 104.141920051000056, -3.321416473999932, 0.0 ], [ 104.142148434000035, -3.321187109999926, 0.0 ], [ 104.142399819000048, -3.321095463999939, 0.0 ], [ 104.142674346000035, -3.320981117999963, 0.0 ], [ 104.142971138000064, -3.320981376999953, 0.0 ], [ 104.143542416000059, -3.320912926999938, 0.0 ], [ 104.14436478500005, -3.321097174999977, 0.0 ], [ 104.144639074000054, -3.321258224999951, 0.0 ], [ 104.14486700100008, -3.32155673699998, 0.0 ], [ 104.14502678100007, -3.321763326999928, 0.0 ], [ 104.145049449000055, -3.322291223999969, 0.0 ], [ 104.145094302000075, -3.323025589999929, 0.0 ], [ 104.144865125000081, -3.323736801999928, 0.0 ], [ 104.144544618000054, -3.324425015999964, 0.0 ], [ 104.144293034000043, -3.324746224999956, 0.0 ], [ 104.143469753000034, -3.325617533999946, 0.0 ], [ 104.143012645000056, -3.326030230999947, 0.0 ], [ 104.143002046000049, -3.32603731599994, 0.0 ], [ 104.141846784000052, -3.326809569999966, 0.0 ], [ 104.141023797000059, -3.327336532999936, 0.0 ], [ 104.139377959000058, -3.328230228999928, 0.0 ], [ 104.138692125000034, -3.328390243999934, 0.0 ], [ 104.138166607000073, -3.328573314999971, 0.0 ], [ 104.137686574000043, -3.328756620999968, 0.0 ], [ 104.135606805000066, -3.329558065999947, 0.0 ], [ 104.135149274000071, -3.330016590999946, 0.0 ], [ 104.134692101000041, -3.330498034999948, 0.0 ], [ 104.13458313700005, -3.33079424899995, 0.0 ], [ 104.134531763000041, -3.330933905999927, 0.0 ], [ 104.134553904000086, -3.331622415999959, 0.0 ], [ 104.134713241000043, -3.332334160999949, 0.0 ], [ 104.135032595000041, -3.332976903999963, 0.0 ], [ 104.135420800000077, -3.333344507999925, 0.0 ], [ 104.135854509000069, -3.333689037999932, 0.0 ], [ 104.136539508000055, -3.334056902999976, 0.0 ], [ 104.137239473000079, -3.334215, 0.0 ], [ 104.138265505000049, -3.334276426999963, 0.0 ], [ 104.138989506000087, -3.33425688899996, 0.0 ], [ 104.13975417000006, -3.334116139999935, 0.0 ], [ 104.140599368000039, -3.333773319999978, 0.0 ], [ 104.141786625000066, -3.333249029999934, 0.0 ], [ 104.143356743000083, -3.332260266999981, 0.0 ], [ 104.144963228000051, -3.331249720999949, 0.0 ], [ 104.145072803000062, -3.331180793999977, 0.0 ], [ 104.145409649000044, -3.330968902999928, 0.0 ], [ 104.146597315000065, -3.330404256999941, 0.0 ], [ 104.14712019600006, -3.330202569999926, 0.0 ], [ 104.148045953000064, -3.330061953999973, 0.0 ], [ 104.148669591000044, -3.32994125099998, 0.0 ], [ 104.149695761000032, -3.32984106899994, 0.0 ], [ 104.150459922000039, -3.329841730999931, 0.0 ], [ 104.150922775000083, -3.329801780999958, 0.0 ], [ 104.152137303000075, -3.329787014999965, 0.0 ], [ 104.152471963000039, -3.329782945999966, 0.0 ], [ 104.153155817000084, -3.329722813999979, 0.0 ], [ 104.153658936000056, -3.329581828999949, 0.0 ], [ 104.153980851000085, -3.329460860999973, 0.0 ], [ 104.154222408000066, -3.329339823999931, 0.0 ], [ 104.154544393000037, -3.329138154999953, 0.0 ], [ 104.154806194000059, -3.328835167999955, 0.0 ], [ 104.154947045000085, -3.328572623999946, 0.0 ], [ 104.155088292000073, -3.328289903999973, 0.0 ], [ 104.155128730000058, -3.32798692199998, 0.0 ], [ 104.155229900000052, -3.327138289999937, 0.0 ], [ 104.155169976000082, -3.326734150999926, 0.0 ], [ 104.155009518000043, -3.326430800999958, 0.0 ], [ 104.154728195000075, -3.326067017999947, 0.0 ], [ 104.154550579000045, -3.325837215999968, 0.0 ], [ 104.15444687300004, -3.325703038999961, 0.0 ], [ 104.154124942000067, -3.32539954899994, 0.0 ], [ 104.153300860000058, -3.324994753999931, 0.0 ], [ 104.152737441000056, -3.324731600999939, 0.0 ], [ 104.152137302000085, -3.324561552999967, 0.0 ], [ 104.15209397600006, -3.32454927699996, 0.0 ], [ 104.151470514000039, -3.324467843999969, 0.0 ], [ 104.150718575000042, -3.324362400999973, 0.0 ], [ 104.150333904000036, -3.324291749999929, 0.0 ], [ 104.150141817000076, -3.324186400999963, 0.0 ], [ 104.149931991000074, -3.323993087999952, 0.0 ], [ 104.149827539000057, -3.323799867999981, 0.0 ], [ 104.149757657000066, -3.323518924999973, 0.0 ], [ 104.149740491000045, -3.323202770999956, 0.0 ], [ 104.149758212000052, -3.322869212999933, 0.0 ], [ 104.149880960000075, -3.322500685999955, 0.0 ], [ 104.150038624000047, -3.322079499999973, 0.0 ], [ 104.15031871900004, -3.32165822199994, 0.0 ], [ 104.150692663000086, -3.321042491999947, 0.0 ], [ 104.150928480000061, -3.320654199999979, 0.0 ], [ 104.151053966000063, -3.320447576999925, 0.0 ], [ 104.151491408000084, -3.319973939999954, 0.0 ], [ 104.151788485000054, -3.319640624999977, 0.0 ], [ 104.15212114600007, -3.319359832999965, 0.0 ], [ 104.152137302000085, -3.319346658999962, 0.0 ], [ 104.152400696000086, -3.319131880999976, 0.0 ], [ 104.152837883000075, -3.318956754999931, 0.0 ], [ 104.153257606000068, -3.318816674999937, 0.0 ], [ 104.153747012000053, -3.318746776999944, 0.0 ], [ 104.154289060000053, -3.318729808999933, 0.0 ], [ 104.154935680000051, -3.31876542599997, 0.0 ], [ 104.155073444000038, -3.318790712999942, 0.0 ], [ 104.155512497000075, -3.318871299999955, 0.0 ], [ 104.156211171000052, -3.319205472999954, 0.0 ], [ 104.156910182000047, -3.319592333999935, 0.0 ], [ 104.157486307000056, -3.32006684199996, 0.0 ], [ 104.157652470000073, -3.320322503999932, 0.0 ], [ 104.157783092000045, -3.320523480999952, 0.0 ], [ 104.158079624000038, -3.321278630999927, 0.0 ], [ 104.158536145000085, -3.322245561999978, 0.0 ], [ 104.158585501000061, -3.322350100999927, 0.0 ], [ 104.158882242000061, -3.322859429999937, 0.0 ], [ 104.159406085000057, -3.323755410999979, 0.0 ], [ 104.159702752000044, -3.324352493999925, 0.0 ], [ 104.15992919200005, -3.32507252299996, 0.0 ], [ 104.160190794000073, -3.325897961999942, 0.0 ], [ 104.160277456000074, -3.326512492999939, 0.0 ], [ 104.160399547000054, -3.326916487999938, 0.0 ], [ 104.160591130000057, -3.327618859999973, 0.0 ], [ 104.160713265000084, -3.327970164999954, 0.0 ], [ 104.160975255000039, -3.328339023999945, 0.0 ], [ 104.16120217200006, -3.328497287999937, 0.0 ], [ 104.161412150000046, -3.328514899999959, 0.0 ], [ 104.161726790000046, -3.328480106999962, 0.0 ], [ 104.161953885000059, -3.328427610999938, 0.0 ], [ 104.161987578000037, -3.328407750999929, 0.0 ], [ 104.162251208000043, -3.328252361999944, 0.0 ], [ 104.16249629400005, -3.327989119999927, 0.0 ], [ 104.162653896000052, -3.327638248999961, 0.0 ], [ 104.162671570000043, -3.327357381999946, 0.0 ], [ 104.162671896000063, -3.32697111799996, 0.0 ], [ 104.162742012000081, -3.326532223999948, 0.0 ], [ 104.162742515000048, -3.325935201999926, 0.0 ], [ 104.162760366000043, -3.325443769999936, 0.0 ], [ 104.162761121000074, -3.324548234999952, 0.0 ], [ 104.162831718000064, -3.323986528999967, 0.0 ], [ 104.162954565000064, -3.323494989999972, 0.0 ], [ 104.163671851000061, -3.322442190999936, 0.0 ], [ 104.163770108000051, -3.322250025999949, 0.0 ], [ 104.164039753000054, -3.32172266699996, 0.0 ], [ 104.164463941000065, -3.321230012999933, 0.0 ], [ 104.164759489000062, -3.320909029999939, 0.0 ], [ 104.165276818000052, -3.32053867999997, 0.0 ], [ 104.165531535000071, -3.320352963999937, 0.0 ], [ 104.166089612000064, -3.319946065999943, 0.0 ], [ 104.166459031000045, -3.319674309999925, 0.0 ], [ 104.166975898000032, -3.31940287499998, 0.0 ], [ 104.167369934000078, -3.319156014999976, 0.0 ], [ 104.168231581000043, -3.318612994999967, 0.0 ], [ 104.168286957000078, -3.318521803999943, 0.0 ], [ 104.16837789200008, -3.318372051999972, 0.0 ], [ 104.168386073000079, -3.318358579999938, 0.0 ], [ 104.168845722000071, -3.317601629999956, 0.0 ], [ 104.169018390000076, -3.317359282999973, 0.0 ], [ 104.169242651000047, -3.31706487699995, 0.0 ], [ 104.16944982800004, -3.316805321999936, 0.0 ], [ 104.169639888000063, -3.316614896999965, 0.0 ], [ 104.169846947000053, -3.316493628999979, 0.0 ], [ 104.170140386000071, -3.316424732999963, 0.0 ], [ 104.170519853000087, -3.316372949999959, 0.0 ], [ 104.170864785000049, -3.316373239999962, 0.0 ], [ 104.171157772000072, -3.316390918999957, 0.0 ], [ 104.171416559000079, -3.316512382999974, 0.0 ], [ 104.17162335900008, -3.316703142999927, 0.0 ], [ 104.171778609000057, -3.316893859999936, 0.0 ], [ 104.171916366000062, -3.317153899999937, 0.0 ], [ 104.171967684000037, -3.317431104999969, 0.0 ], [ 104.172019412000054, -3.317673640999942, 0.0 ], [ 104.172036065000043, -3.318158835999952, 0.0 ], [ 104.172047980000059, -3.318375143999958, 0.0 ], [ 104.172053242000061, -3.318470681999941, 0.0 ], [ 104.17205288200006, -3.318903759999955, 0.0 ], [ 104.172103985000035, -3.319440890999942, 0.0 ], [ 104.172190046000082, -3.319874236999965, 0.0 ], [ 104.172258644000067, -3.320342041999936, 0.0 ], [ 104.172297290000074, -3.320787863999954, 0.0 ], [ 104.172309704000043, -3.32093107999998, 0.0 ], [ 104.172412837000081, -3.321347006999929, 0.0 ], [ 104.17256769800008, -3.322005470999954, 0.0 ], [ 104.172757284000056, -3.322386801999926, 0.0 ], [ 104.172980826000071, -3.322958551999932, 0.0 ], [ 104.173018725000077, -3.323079422999967, 0.0 ], [ 104.173084031000087, -3.323287706999963, 0.0 ], [ 104.173135657000046, -3.323651684999959, 0.0 ], [ 104.173204414000054, -3.323928904999946, 0.0 ], [ 104.173290097000063, -3.324362251999958, 0.0 ], [ 104.173376016000077, -3.324968554999941, 0.0 ], [ 104.173381702000086, -3.32499500299997, 0.0 ], [ 104.173381737000057, -3.324995164999962, 0.0 ], [ 104.173461727000074, -3.325367230999973, 0.0 ], [ 104.17349581600007, -3.325852440999938, 0.0 ], [ 104.173438013000066, -3.326712594999947, 0.0 ], [ 104.173425964000046, -3.326891886999931, 0.0 ], [ 104.173304878000067, -3.327550118999966, 0.0 ], [ 104.17321792000007, -3.32819114199998, 0.0 ], [ 104.173217530000045, -3.328658888999939, 0.0 ], [ 104.173217407000038, -3.328806670999938, 0.0 ], [ 104.173217096000087, -3.329178739999975, 0.0 ], [ 104.173216865000086, -3.32945590199995, 0.0 ], [ 104.17321656200005, -3.329819443999952, 0.0 ], [ 104.173236977000045, -3.32986398099996, 0.0 ], [ 104.173249921000036, -3.329892220999966, 0.0 ], [ 104.17326399600006, -3.329922926999927, 0.0 ], [ 104.173264067000048, -3.329923079999958, 0.0 ], [ 104.173319855000045, -3.330044786999963, 0.0 ], [ 104.173423192000087, -3.330218026999944, 0.0 ], [ 104.173561021000069, -3.330391491999933, 0.0 ], [ 104.173716273000082, -3.330582207999953, 0.0 ], [ 104.173871234000046, -3.330668915999979, 0.0 ], [ 104.173953625000081, -3.330699077999952, 0.0 ], [ 104.174061080000058, -3.330738414999928, 0.0 ], [ 104.174201268000047, -3.330762019999952, 0.0 ], [ 104.174268013000074, -3.330773258999955, 0.0 ], [ 104.174509454000088, -3.33079069799993, 0.0 ], [ 104.174699402000044, -3.330738951999933, 0.0 ], [ 104.17471574700005, -3.330731379999975, 0.0 ], [ 104.174923508000063, -3.330635130999951, 0.0 ], [ 104.175113512000053, -3.330514043999926, 0.0 ], [ 104.175406663000047, -3.330340941999964, 0.0 ], [ 104.17564836300005, -3.330046745999937, 0.0 ], [ 104.175752132000071, -3.32970033099997, 0.0 ], [ 104.175804221000078, -3.329509787999939, 0.0 ], [ 104.175970273000075, -3.328886237999939, 0.0 ], [ 104.17601183000005, -3.328730186999962, 0.0 ], [ 104.176112018000083, -3.328454122999972, 0.0 ], [ 104.176112062000072, -3.328454001999944, 0.0 ], [ 104.176150121000035, -3.328349130999925, 0.0 ], [ 104.176374820000035, -3.32798558099995, 0.0 ], [ 104.176376627000081, -3.32798082599993, 0.0 ], [ 104.176513097000054, -3.327621761999978, 0.0 ], [ 104.176599285000066, -3.327448681999954, 0.0 ], [ 104.176806549000048, -3.327084917999969, 0.0 ], [ 104.177117249000048, -3.326773347999961, 0.0 ], [ 104.177324733000034, -3.326600367999959, 0.0 ], [ 104.177635376000069, -3.326357940999969, 0.0 ], [ 104.17791139600007, -3.32627159499998, 0.0 ], [ 104.178159944000072, -3.326244557999928, 0.0 ], [ 104.178860242000042, -3.326168378999967, 0.0 ], [ 104.179178852000064, -3.326117391999958, 0.0 ], [ 104.17929127900004, -3.326099399999976, 0.0 ], [ 104.179860569000084, -3.326151977999928, 0.0 ], [ 104.180256926000084, -3.326308222999955, 0.0 ], [ 104.180306102000088, -3.326341190999926, 0.0 ], [ 104.180395474000079, -3.326401104999945, 0.0 ], [ 104.18058727500005, -3.326529685999958, 0.0 ], [ 104.180619097000033, -3.326551018999965, 0.0 ], [ 104.180991848000076, -3.326758006999967, 0.0 ], [ 104.182119071000045, -3.32738395399997, 0.0 ], [ 104.182672551000053, -3.327672980999978, 0.0 ], [ 104.183169303000057, -3.327932383999951, 0.0 ], [ 104.183424930000058, -3.328065871999968, 0.0 ], [ 104.183880708000061, -3.328303877999929, 0.0 ], [ 104.183946826000067, -3.328338404999954, 0.0 ], [ 104.184330278000061, -3.328516773999979, 0.0 ], [ 104.184436682000069, -3.328560559999971, 0.0 ], [ 104.184494352000058, -3.32858429199996, 0.0 ], [ 104.184683723000035, -3.328648045999955, 0.0 ], [ 104.18418183700004, -3.32861891899995, 0.0 ], [ 104.183517757000061, -3.328580361999968, 0.0 ], [ 104.183490458000051, -3.328581595999935, 0.0 ], [ 104.183389615000067, -3.328586153999936, 0.0 ], [ 104.183261472000083, -3.32859194599996, 0.0 ], [ 104.183201999000062, -3.328596906999962, 0.0 ], [ 104.183161333000044, -3.328598030999956, 0.0 ], [ 104.183127949000038, -3.328596456999946, 0.0 ], [ 104.183061585000075, -3.328585998999927, 0.0 ], [ 104.182966445000034, -3.328575122999951, 0.0 ], [ 104.182871306000038, -3.328564247999964, 0.0 ], [ 104.182825655000045, -3.328561504999925, 0.0 ], [ 104.182770026000071, -3.328554908999934, 0.0 ], [ 104.182681024000033, -3.328545191999979, 0.0 ], [ 104.182627318000073, -3.32854167399995, 0.0 ], [ 104.182502624000051, -3.328535788999943, 0.0 ], [ 104.182447761000049, -3.328539596999974, 0.0 ], [ 104.182382524000047, -3.328558439999938, 0.0 ], [ 104.182301155000061, -3.328593461999958, 0.0 ], [ 104.182267372000069, -3.328618491999976, 0.0 ], [ 104.182216303000075, -3.32866973199998, 0.0 ], [ 104.182165989000055, -3.32873369999993, 0.0 ], [ 104.182135249000055, -3.328790744999935, 0.0 ], [ 104.182108349000032, -3.328851259999965, 0.0 ], [ 104.182065279000085, -3.32897229699995, 0.0 ], [ 104.182052949000081, -3.329036676999976, 0.0 ], [ 104.182051373000036, -3.329080249999947, 0.0 ], [ 104.182060144000047, -3.32914195099994, 0.0 ], [ 104.182080832000054, -3.329181300999949, 0.0 ], [ 104.182121467000059, -3.329219119999948, 0.0 ], [ 104.182156751000036, -3.329240353999978, 0.0 ], [ 104.182190116000072, -3.329252339999925, 0.0 ], [ 104.18230979100008, -3.329286751999973, 0.0 ], [ 104.182359276000057, -3.329299521999928, 0.0 ], [ 104.182412592000048, -3.329317304999961, 0.0 ], [ 104.182485845000087, -3.329346666999925, 0.0 ], [ 104.182534559000032, -3.329365992999954, 0.0 ], [ 104.182646167000087, -3.329403481999975, 0.0 ], [ 104.182789612000079, -3.329460673999961, 0.0 ], [ 104.182844074000059, -3.329485776999945, 0.0 ], [ 104.182912720000047, -3.329524008999954, 0.0 ], [ 104.182969085000082, -3.329566860999932, 0.0 ], [ 104.183004728000071, -3.32961084599998, 0.0 ], [ 104.183038067000041, -3.329655217999971, 0.0 ], [ 104.183056842000042, -3.329689164999934, 0.0 ], [ 104.183057200000064, -3.329713065999954, 0.0 ], [ 104.183052578000058, -3.329740443999981, 0.0 ], [ 104.183035672000074, -3.329764717999979, 0.0 ], [ 104.18300765400005, -3.329784750999977, 0.0 ], [ 104.182961601000045, -3.329800903999967, 0.0 ], [ 104.182913246000055, -3.32981474099995, 0.0 ], [ 104.18286874100005, -3.329819724999936, 0.0 ], [ 104.182804283000053, -3.329821977999927, 0.0 ], [ 104.182656191000035, -3.329811830999972, 0.0 ], [ 104.182593281000038, -3.329803681999977, 0.0 ], [ 104.182535746000042, -3.329782430999956, 0.0 ], [ 104.182442169000069, -3.329742631999977, 0.0 ], [ 104.182347066000034, -3.329687415999956, 0.0 ], [ 104.182227419000071, -3.329619452999964, 0.0 ], [ 104.182130774000086, -3.329568090999942, 0.0 ], [ 104.18205481800004, -3.329553371999964, 0.0 ], [ 104.181994973000087, -3.329550236999978, 0.0 ], [ 104.181948932000068, -3.329551356999957, 0.0 ], [ 104.181907864000038, -3.329570210999975, 0.0 ], [ 104.181866014000036, -3.329607970999973, 0.0 ], [ 104.181829902000061, -3.32966384599996, 0.0 ], [ 104.181810668000082, -3.32972744999995, 0.0 ], [ 104.181808324000087, -3.329775266999945, 0.0 ], [ 104.181813641000076, -3.329844291999962, 0.0 ], [ 104.181825110000034, -3.329895973999953, 0.0 ], [ 104.181848087000049, -3.32994303199996, 0.0 ], [ 104.18188527600006, -3.329979310999931, 0.0 ], [ 104.181930140000077, -3.330007110999929, 0.0 ], [ 104.182048639000072, -3.330071209999971, 0.0 ], [ 104.182081227000083, -3.330098230999965, 0.0 ], [ 104.182111122000038, -3.330138356999953, 0.0 ], [ 104.182130264000079, -3.330185412999981, 0.0 ], [ 104.182135214000084, -3.330229380999981, 0.0 ], [ 104.182133261000047, -3.330272565999962, 0.0 ], [ 104.182125165000059, -3.330320755999935, 0.0 ], [ 104.182091730000081, -3.330393982999965, 0.0 ], [ 104.182060990000082, -3.330451417999939, 0.0 ], [ 104.182041376000086, -3.330506537999952, 0.0 ], [ 104.182038652000074, -3.330546247999962, 0.0 ], [ 104.182041312000081, -3.330584423999937, 0.0 ], [ 104.182060829000079, -3.330646523999974, 0.0 ], [ 104.182081889000074, -3.330691654999953, 0.0 ], [ 104.182112151000069, -3.330744888999959, 0.0 ], [ 104.182145104000085, -3.33079851399998, 0.0 ], [ 104.18219070300006, -3.330864878999932, 0.0 ], [ 104.182233625000038, -3.330922365999925, 0.0 ], [ 104.182317584000032, -3.331001479999941, 0.0 ], [ 104.182397323000032, -3.33107866499995, 0.0 ], [ 104.182447538000076, -3.331134611999971, 0.0 ], [ 104.18250271800008, -3.331216406999943, 0.0 ], [ 104.182567448000043, -3.331354024999939, 0.0 ], [ 104.182581414000083, -3.331390419999934, 0.0 ], [ 104.182597469000086, -3.331426978999957, 0.0 ], [ 104.182606785000075, -3.331448335999937, 0.0 ], [ 104.182618025000068, -3.331471945999965, 0.0 ], [ 104.182634897000071, -3.331500419999941, 0.0 ], [ 104.182671546000051, -3.331547181999952, 0.0 ], [ 104.182686016000048, -3.331562236999957, 0.0 ], [ 104.182718166000086, -3.331596702999946, 0.0 ], [ 104.182734910000079, -3.331615807999981, 0.0 ], [ 104.182739865000087, -3.33162146199993, 0.0 ], [ 104.182754808000084, -3.331641845999968, 0.0 ], [ 104.182769273000076, -3.331662067999957, 0.0 ], [ 104.182794654000077, -3.331708340999967, 0.0 ], [ 104.182805245000054, -3.331744732999937, 0.0 ], [ 104.182810206000056, -3.331776100999946, 0.0 ], [ 104.182815963000053, -3.331812487999969, 0.0 ], [ 104.182825565000087, -3.331881056999975, 0.0 ], [ 104.182831318000069, -3.331923269999947, 0.0 ], [ 104.182834507000052, -3.331964016999962, 0.0 ], [ 104.182846642000072, -3.332070263999981, 0.0 ], [ 104.182853859000033, -3.332105033999937, 0.0 ], [ 104.182863318000045, -3.332138675999943, 0.0 ], [ 104.182876974000067, -3.332169406999981, 0.0 ], [ 104.182890784000051, -3.332198854999945, 0.0 ], [ 104.182906049000053, -3.332221337999954, 0.0 ], [ 104.182952990000047, -3.332276358999934, 0.0 ], [ 104.18298337300007, -3.332302255999934, 0.0 ], [ 104.183026792000078, -3.332325739999931, 0.0 ], [ 104.183053175000055, -3.33233529599994, 0.0 ], [ 104.183070867000083, -3.332339517999969, 0.0 ], [ 104.183161922000068, -3.332349615999931, 0.0 ], [ 104.183192498000039, -3.332349804999978, 0.0 ], [ 104.18323384100006, -3.332348382999953, 0.0 ], [ 104.183278894000068, -3.332343734999938, 0.0 ], [ 104.183372386000087, -3.332334268999944, 0.0 ], [ 104.183413575000088, -3.33233333499993, 0.0 ], [ 104.183451865000052, -3.332332878999978, 0.0 ], [ 104.183507534000057, -3.332336000999931, 0.0 ], [ 104.183556271000043, -3.332349944999976, 0.0 ], [ 104.183588759000088, -3.332367756999929, 0.0 ], [ 104.183614645000034, -3.332390094999937, 0.0 ], [ 104.183631512000034, -3.332413067999937, 0.0 ], [ 104.183644524000044, -3.332439601999965, 0.0 ], [ 104.183651587000043, -3.332465641999931, 0.0 ], [ 104.183652694000045, -3.332486820999975, 0.0 ], [ 104.183652516000052, -3.332506069999965, 0.0 ], [ 104.183650084000078, -3.332529831999977, 0.0 ], [ 104.183644591000075, -3.332555056999979, 0.0 ], [ 104.18363555600007, -3.332584964999967, 0.0 ], [ 104.183607509000069, -3.332650914999931, 0.0 ], [ 104.18358930100004, -3.33268161999996, 0.0 ], [ 104.183575448000056, -3.332704730999978, 0.0 ], [ 104.183556756000087, -3.332734467999956, 0.0 ], [ 104.183537749000038, -3.332762421999973, 0.0 ], [ 104.183505061000062, -3.332791984999972, 0.0 ], [ 104.183476092000035, -3.332807166999942, 0.0 ], [ 104.183454204000043, -3.332814747999976, 0.0 ], [ 104.183435533000079, -3.332819579999978, 0.0 ], [ 104.183411723000063, -3.332822310999973, 0.0 ], [ 104.18338951700008, -3.332822617999966, 0.0 ], [ 104.183343017000084, -3.33282418899995, 0.0 ], [ 104.183311, -3.332825139999954, 0.0 ], [ 104.183284617000083, -3.332825433999972, 0.0 ], [ 104.183253403000037, -3.33282509199995, 0.0 ], [ 104.18321542700005, -3.332825376999949, 0.0 ], [ 104.183154288000082, -3.332830988999945, 0.0 ], [ 104.183108108000056, -3.332837255999948, 0.0 ], [ 104.183050838000042, -3.332845538999948, 0.0 ], [ 104.183012288000043, -3.332845809999981, 0.0 ], [ 104.182976976000077, -3.332844283999975, 0.0 ], [ 104.182890649000058, -3.332832867999969, 0.0 ], [ 104.182844715000044, -3.332824271999925, 0.0 ], [ 104.182794827000066, -3.332808110999963, 0.0 ], [ 104.18274731200006, -3.332795731999965, 0.0 ], [ 104.182698413000082, -3.33278056599994, 0.0 ], [ 104.182616647000089, -3.332761590999951, 0.0 ], [ 104.182569526000066, -3.332751003999931, 0.0 ], [ 104.182515670000043, -3.332744392999928, 0.0 ], [ 104.182443767000052, -3.332740291999926, 0.0 ], [ 104.182405231000075, -3.332741694999925, 0.0 ], [ 104.182269980000058, -3.332755440999961, 0.0 ], [ 104.182174762000045, -3.332773281999948, 0.0 ], [ 104.182034439000063, -3.332825567999976, 0.0 ], [ 104.181950292000067, -3.332875541999954, 0.0 ], [ 104.181845916000043, -3.332986683999934, 0.0 ], [ 104.18176541400004, -3.333102587999974, 0.0 ], [ 104.181733373000043, -3.33319789799998, 0.0 ], [ 104.181714097000054, -3.333323658999973, 0.0 ], [ 104.18170391600006, -3.33343488099996, 0.0 ], [ 104.181705511000075, -3.333540712999934, 0.0 ], [ 104.181725954000058, -3.333637087999932, 0.0 ], [ 104.181755478000071, -3.333734141999969, 0.0 ], [ 104.181770850000078, -3.333855534999941, 0.0 ], [ 104.181766062000065, -3.333953580999946, 0.0 ], [ 104.181744459000072, -3.334040450999964, 0.0 ], [ 104.181688812000061, -3.334208434999937, 0.0 ], [ 104.181641288000037, -3.334315238999977, 0.0 ], [ 104.181585688000041, -3.334425409999938, 0.0 ], [ 104.181529088000048, -3.334525104999955, 0.0 ], [ 104.181462722000049, -3.334637292999957, 0.0 ], [ 104.181401045000086, -3.334771132999947, 0.0 ], [ 104.181351489000065, -3.334897202999969, 0.0 ], [ 104.18130833400005, -3.335011436999935, 0.0 ], [ 104.181257448000054, -3.335123303999978, 0.0 ], [ 104.181217325000034, -3.335229099999935, 0.0 ], [ 104.181177551000076, -3.335325760999979, 0.0 ], [ 104.181143427000052, -3.335501541999975, 0.0 ], [ 104.18113627300005, -3.335607701999947, 0.0 ], [ 104.18112745500008, -3.33569154199995, 0.0 ], [ 104.181098464000058, -3.33576555999997, 0.0 ], [ 104.181036178000056, -3.335829409999974, 0.0 ], [ 104.180968530000087, -3.335858426999948, 0.0 ], [ 104.180864234000069, -3.335871184999974, 0.0 ], [ 104.180777449000061, -3.335858266999935, 0.0 ], [ 104.180702455000073, -3.335833182999977, 0.0 ], [ 104.180635867000035, -3.335798978999946, 0.0 ], [ 104.180513156000075, -3.335713344999931, 0.0 ], [ 104.180432801000052, -3.335651067999947, 0.0 ], [ 104.180340339000054, -3.335592154999972, 0.0 ], [ 104.180225002000043, -3.335523769999952, 0.0 ], [ 104.180123285000036, -3.335466544999974, 0.0 ], [ 104.180021568000086, -3.33540931999994, 0.0 ], [ 104.179902874000049, -3.335340922999933, 0.0 ], [ 104.179794602000072, -3.335274904999949, 0.0 ], [ 104.179699114000073, -3.335217010999941, 0.0 ], [ 104.179613700000061, -3.335167574999957, 0.0 ], [ 104.179523411000048, -3.335124901999961, 0.0 ], [ 104.179433121000045, -3.335082227999976, 0.0 ], [ 104.179317094000055, -3.335045277999939, 0.0 ], [ 104.179195336000078, -3.335013730999947, 0.0 ], [ 104.179090061000068, -3.334991325999965, 0.0 ], [ 104.178977369000052, -3.334980747999964, 0.0 ], [ 104.178869719000033, -3.334977951999974, 0.0 ], [ 104.178705211000079, -3.334986607999952, 0.0 ], [ 104.178584426000043, -3.334998681999934, 0.0 ], [ 104.178470698000069, -3.335020730999929, 0.0 ], [ 104.178356971000085, -3.33504278099997, 0.0 ], [ 104.178232480000077, -3.335074454999926, 0.0 ], [ 104.178111671000067, -3.335114246999979, 0.0 ], [ 104.178018792000046, -3.33515575399997, 0.0 ], [ 104.177925555000058, -3.335216203999948, 0.0 ], [ 104.177862252000068, -3.335280042999955, 0.0 ], [ 104.177806345000079, -3.335358433999943, 0.0 ], [ 104.17776623900005, -3.335442248999925, 0.0 ], [ 104.177758036000057, -3.33546845799998, 0.0 ], [ 104.178093294000064, -3.335634888999948, 0.0 ], [ 104.178321017000087, -3.336269536999964, 0.0 ], [ 104.17873009300007, -3.33740960199998, 0.0 ], [ 104.178786667000054, -3.337567268999976, 0.0 ], [ 104.178774992000058, -3.338170970999954, 0.0 ], [ 104.178773067000066, -3.338270493999971, 0.0 ], [ 104.178723996000087, -3.34080784799994, 0.0 ], [ 104.178652618000058, -3.34449848099996, 0.0 ], [ 104.178597353000043, -3.347355853999943, 0.0 ], [ 104.178591363000066, -3.347665553999946, 0.0 ], [ 104.17856542800007, -3.349006410999948, 0.0 ], [ 104.179410809000046, -3.348673917999974, 0.0 ], [ 104.180100492000065, -3.348402660999966, 0.0 ], [ 104.181389005000085, -3.347895877999974, 0.0 ], [ 104.182320291000053, -3.34752959399998, 0.0 ], [ 104.18237018800005, -3.34750996899993, 0.0 ], [ 104.183569994000038, -3.347250304999932, 0.0 ], [ 104.186776831000088, -3.346556268999962, 0.0 ], [ 104.190586808000035, -3.347157797999955, 0.0 ], [ 104.191852446000041, -3.347625099999959, 0.0 ], [ 104.192917924000085, -3.348018497999931, 0.0 ], [ 104.194075893000047, -3.348364355999934, 0.0 ], [ 104.196991100000048, -3.349235052999973, 0.0 ], [ 104.197745583000085, -3.349899619999974, 0.0 ], [ 104.199873659000048, -3.351774076999959, 0.0 ], [ 104.194108215000085, -3.358725817999925, 0.0 ], [ 104.194043110000052, -3.358907097999975, 0.0 ], [ 104.192967773000078, -3.36044824399994, 0.0 ], [ 104.193044304000068, -3.360679614999981, 0.0 ], [ 104.193043987000067, -3.361065123999936, 0.0 ], [ 104.192659374000073, -3.362298435999946, 0.0 ], [ 104.192658044000041, -3.36391757399997, 0.0 ], [ 104.192503334000037, -3.365459483999928, 0.0 ], [ 104.192271270000049, -3.367772348999949, 0.0 ], [ 104.19150267100008, -3.369467949999944, 0.0 ], [ 104.191425441000035, -3.370084700999939, 0.0 ], [ 104.191424741000048, -3.37093282099994, 0.0 ], [ 104.191730857000039, -3.371858298999939, 0.0 ], [ 104.192708095000057, -3.373641842999973, 0.0 ], [ 104.192956539000079, -3.374095275999935, 0.0 ], [ 104.193038100000081, -3.374249272999975, 0.0 ], [ 104.194182160000082, -3.376409353999975, 0.0 ], [ 104.194564683000067, -3.377720404999934, 0.0 ], [ 104.19487016800008, -3.379416901999946, 0.0 ], [ 104.194561504000035, -3.381575497999961, 0.0 ], [ 104.194534387000033, -3.382908928999939, 0.0 ], [ 104.194481536000069, -3.385507630999939, 0.0 ], [ 104.194018210000081, -3.389131034999934, 0.0 ], [ 104.194016935000036, -3.390673070999981, 0.0 ], [ 104.193868097000063, -3.39325291199998, 0.0 ], [ 104.193861811000033, -3.393361877999951, 0.0 ], [ 104.194176131000063, -3.393422096999927, 0.0 ], [ 104.196140053000079, -3.393621117999942, 0.0 ], [ 104.197171034000064, -3.393819358999963, 0.0 ], [ 104.198202017000085, -3.394017599999927, 0.0 ], [ 104.199163924000061, -3.394161627999949, 0.0 ], [ 104.198753561000046, -3.395873686999948, 0.0 ], [ 104.198288823000041, -3.397967154999947, 0.0 ], [ 104.198401502000081, -3.401689656999963, 0.0 ], [ 104.198398715000053, -3.405063085999927, 0.0 ], [ 104.19816518600004, -3.40750572099995, 0.0 ], [ 104.196077850000052, -3.412040655999931, 0.0 ], [ 104.19306445400008, -3.416574797999942, 0.0 ], [ 104.191801415000043, -3.41879167299993, 0.0 ], [ 104.191929101000085, -3.418811524999967, 0.0 ], [ 104.192262421000066, -3.418863345999966, 0.0 ], [ 104.192655546000083, -3.418949577999967, 0.0 ], [ 104.192971757000066, -3.419018562999952, 0.0 ], [ 104.193305062000036, -3.419087562999948, 0.0 ], [ 104.19343322800006, -3.419147799999962, 0.0 ], [ 104.19365534800005, -3.419294014999934, 0.0 ], [ 104.193911481000043, -3.419655004999925, 0.0 ], [ 104.194116318000056, -3.420024542999954, 0.0 ], [ 104.194159037000077, -3.420050348999951, 0.0 ], [ 104.194364004000079, -3.42026526899997, 0.0 ], [ 104.194867944000066, -3.420720954999979, 0.0 ], [ 104.195359101000065, -3.42112938799994, 0.0 ], [ 104.195752012000071, -3.421473313999968, 0.0 ], [ 104.196136428000045, -3.421757102999948, 0.0 ], [ 104.196418254000037, -3.422057984999981, 0.0 ], [ 104.196751411000037, -3.422307371999977, 0.0 ], [ 104.197195775000068, -3.422453772999972, 0.0 ], [ 104.197477826000068, -3.42248836999994, 0.0 ], [ 104.198110271000075, -3.42260056899994, 0.0 ], [ 104.198469200000034, -3.422695358999931, 0.0 ], [ 104.198943344000043, -3.423009286999957, 0.0 ], [ 104.199259476000066, -3.423172760999933, 0.0 ], [ 104.199746489000063, -3.423430864999943, 0.0 ], [ 104.199925908000068, -3.423534092999944, 0.0 ], [ 104.200455701000067, -3.423740693999946, 0.0 ], [ 104.200900061000084, -3.423895683999945, 0.0 ], [ 104.201327417000073, -3.423938989999954, 0.0 ], [ 104.20191707500004, -3.424111281999956, 0.0 ], [ 104.202079349000087, -3.424274625999942, 0.0 ], [ 104.202181809000081, -3.424412148999977, 0.0 ], [ 104.20232696000005, -3.42460983899997, 0.0 ], [ 104.20235253900006, -3.424687168999981, 0.0 ], [ 104.202446378000047, -3.424910583999974, 0.0 ], [ 104.202514578000034, -3.425133976999973, 0.0 ], [ 104.202582733000042, -3.425408910999977, 0.0 ], [ 104.202637984000035, -3.425782616999925, 0.0 ], [ 104.202962398000068, -3.426272511999969, 0.0 ], [ 104.203329622000069, -3.426676540999949, 0.0 ], [ 104.203517526000041, -3.426857086999973, 0.0 ], [ 104.204457222000087, -3.427545061999979, 0.0 ], [ 104.204820043000041, -3.428108002999977, 0.0 ], [ 104.20511861600005, -3.428838390999942, 0.0 ], [ 104.205349231000071, -3.429053330999977, 0.0 ], [ 104.205716485000039, -3.429423001999965, 0.0 ], [ 104.206006802000047, -3.42980119899994, 0.0 ], [ 104.206245901000045, -3.430093452999927, 0.0 ], [ 104.206557599000064, -3.430458784999928, 0.0 ], [ 104.207147085000088, -3.430845819999945, 0.0 ], [ 104.207360699000048, -3.430949075999933, 0.0 ], [ 104.208146788000079, -3.431336275999968, 0.0 ], [ 104.208590466000032, -3.432324481999956, 0.0 ], [ 104.209034937000069, -3.432350620999955, 0.0 ], [ 104.209265645000073, -3.432453890999966, 0.0 ], [ 104.210261108000054, -3.432905686999959, 0.0 ], [ 104.210449078000067, -3.433008919999963, 0.0 ], [ 104.21076521100008, -3.433180980999964, 0.0 ], [ 104.210859195000069, -3.43323259899995, 0.0 ], [ 104.21108991300008, -3.433327278999968, 0.0 ], [ 104.211354730000039, -3.433533655999952, 0.0 ], [ 104.211867374000065, -3.433817546999933, 0.0 ], [ 104.212713269000062, -3.434247742999958, 0.0 ], [ 104.212995280000086, -3.434333873999947, 0.0 ], [ 104.213713440000049, -3.434171257999935, 0.0 ], [ 104.213850230000048, -3.434145602999934, 0.0 ], [ 104.21480783800007, -3.433854336999957, 0.0 ], [ 104.214910414000087, -3.433854420999978, 0.0 ], [ 104.215269371000034, -3.433923436999976, 0.0 ], [ 104.215700905000062, -3.434091294999973, 0.0 ], [ 104.216205067000033, -3.434297868999977, 0.0 ], [ 104.21675196700005, -3.434504476999962, 0.0 ], [ 104.216991115000042, -3.434745190999934, 0.0 ], [ 104.217573124000069, -3.433826548999946, 0.0 ], [ 104.217821301000072, -3.433474566999962, 0.0 ], [ 104.217838405000066, -3.433465990999935, 0.0 ], [ 104.217975052000043, -3.433612131999951, 0.0 ], [ 104.218026320000035, -3.433637942999951, 0.0 ], [ 104.218026250000037, -3.433723841999949, 0.0 ], [ 104.218035913000051, -3.433740055999976, 0.0 ], [ 104.218154294000044, -3.433938694999938, 0.0 ], [ 104.218145521000054, -3.434213564999936, 0.0 ], [ 104.218393658000082, -3.433913121999979, 0.0 ], [ 104.218701531000079, -3.433732986999928, 0.0 ], [ 104.218778518000079, -3.433664330999932, 0.0 ], [ 104.219026591000045, -3.433441197999969, 0.0 ], [ 104.219214779000083, -3.433278142999939, 0.0 ], [ 104.219385989000045, -3.432969044999936, 0.0 ], [ 104.219462984000074, -3.432891800999926, 0.0 ], [ 104.219616964000068, -3.432745897999951, 0.0 ], [ 104.219745253000042, -3.432660104999968, 0.0 ], [ 104.219890916000054, -3.432230725999943, 0.0 ], [ 104.220019191000063, -3.432162112999947, 0.0 ], [ 104.220232827000075, -3.432239595999931, 0.0 ], [ 104.22054901100006, -3.432351524999945, 0.0 ], [ 104.220796866000057, -3.432394676999934, 0.0 ], [ 104.221147226000085, -3.432523812999932, 0.0 ], [ 104.221219892000079, -3.432588826999961, 0.0 ], [ 104.221347855000033, -3.432286407999925, 0.0 ], [ 104.221529951000036, -3.43172821099995, 0.0 ], [ 104.221669306000081, -3.431169978999947, 0.0 ], [ 104.221519900000033, -3.430944372999932, 0.0 ], [ 104.221092738000038, -3.430654112999946, 0.0 ], [ 104.221167619000084, -3.430546800999934, 0.0 ], [ 104.221395396000048, -3.430264162999947, 0.0 ], [ 104.221480433000067, -3.430158644999949, 0.0 ], [ 104.221550810000053, -3.430071318999978, 0.0 ], [ 104.221574055000076, -3.430042474999937, 0.0 ], [ 104.221948373000032, -3.429613284999959, 0.0 ], [ 104.22195300900006, -3.429616590999956, 0.0 ], [ 104.222731298000042, -3.430171537999968, 0.0 ], [ 104.222988260000079, -3.43036965999994, 0.0 ], [ 104.223278020000066, -3.43060079299994, 0.0 ], [ 104.223595127000067, -3.430837445999941, 0.0 ], [ 104.223928605000083, -3.431129087999977, 0.0 ], [ 104.224256575000084, -3.431464705999929, 0.0 ], [ 104.224382521000052, -3.431316374999938, 0.0 ], [ 104.224645339000062, -3.43103621399996, 0.0 ], [ 104.224951844000088, -3.430855043999941, 0.0 ], [ 104.225438885000074, -3.430668522999952, 0.0 ], [ 104.225723445000085, -3.430564300999947, 0.0 ], [ 104.22579982600007, -3.430822747999969, 0.0 ], [ 104.225895197000057, -3.431276373999935, 0.0 ], [ 104.225955105000082, -3.431611772999929, 0.0 ], [ 104.226031358000057, -3.432029648999958, 0.0 ], [ 104.226064096000073, -3.432133900999929, 0.0 ], [ 104.226167776000068, -3.432464065999966, 0.0 ], [ 104.226228279000054, -3.432669873999942, 0.0 ], [ 104.226255070000036, -3.432761005999964, 0.0 ], [ 104.226337019000084, -3.432898510999962, 0.0 ], [ 104.226484675000052, -3.43296460199997, 0.0 ], [ 104.226528280000082, -3.433162549999963, 0.0 ], [ 104.226670458000058, -3.433239630999935, 0.0 ], [ 104.226834446000055, -3.433404689999975, 0.0 ], [ 104.227190160000077, -3.433256544999949, 0.0 ], [ 104.227640815000086, -3.433010509999974, 0.0 ], [ 104.227896401000066, -3.43301775499998, 0.0 ], [ 104.228341054000055, -3.433025150999924, 0.0 ], [ 104.228813728000034, -3.433018497999967, 0.0 ], [ 104.229202358000066, -3.43302936799995, 0.0 ], [ 104.229436944000042, -3.433026039999959, 0.0 ], [ 104.229389712000057, -3.43298202099993, 0.0 ], [ 104.229030983000087, -3.43279701299997, 0.0 ], [ 104.228781582000067, -3.432717644999968, 0.0 ], [ 104.228571604000081, -3.432598727999959, 0.0 ], [ 104.228584797000053, -3.432519573999969, 0.0 ], [ 104.228716248000069, -3.432326166999928, 0.0 ], [ 104.228895867000062, -3.432102011999973, 0.0 ], [ 104.229202092000037, -3.432269384999927, 0.0 ], [ 104.229403393000041, -3.432295936999935, 0.0 ], [ 104.229671506000045, -3.43228404499996, 0.0 ], [ 104.229792920000079, -3.432278659999952, 0.0 ], [ 104.230335658000058, -3.432221923999975, 0.0 ], [ 104.230830263000087, -3.432156352999925, 0.0 ], [ 104.231278939000049, -3.432057758999974, 0.0 ], [ 104.231346134000034, -3.43209440499993, 0.0 ], [ 104.23189633700008, -3.432335509999973, 0.0 ], [ 104.231999947000077, -3.432372183999973, 0.0 ], [ 104.232187550000049, -3.432451149999963, 0.0 ], [ 104.232394740000075, -3.432555462999971, 0.0 ], [ 104.232607544000075, -3.43264570599996, 0.0 ], [ 104.232853955000053, -3.432741605999979, 0.0 ], [ 104.233117155000059, -3.432860037999944, 0.0 ], [ 104.233639355000037, -3.433095489999971, 0.0 ], [ 104.233805113000074, -3.433172184999933, 0.0 ], [ 104.233885858000065, -3.433077673999946, 0.0 ], [ 104.234130319000087, -3.432809905999932, 0.0 ], [ 104.234320925000077, -3.432636670999955, 0.0 ], [ 104.234399332000066, -3.432661502999963, 0.0 ], [ 104.234495621000065, -3.432744897999953, 0.0 ], [ 104.234623277000082, -3.432832820999977, 0.0 ], [ 104.234737487000075, -3.432920732999946, 0.0 ], [ 104.234924462000038, -3.433086390999961, 0.0 ], [ 104.235078973000043, -3.43321937199994, 0.0 ], [ 104.235204361000058, -3.433341069999926, 0.0 ], [ 104.235065347000045, -3.433446791999927, 0.0 ], [ 104.235148179000078, -3.433543684999961, 0.0 ], [ 104.235290300000088, -3.433758846999979, 0.0 ], [ 104.235446927000055, -3.434044952999955, 0.0 ], [ 104.235545368000032, -3.434240938999949, 0.0 ], [ 104.235516163000057, -3.434333238999955, 0.0 ], [ 104.235464610000065, -3.434351211999967, 0.0 ], [ 104.235410775000048, -3.434423225999979, 0.0 ], [ 104.235372690000077, -3.434411936999936, 0.0 ], [ 104.235327797000082, -3.434508727999969, 0.0 ], [ 104.235280114000034, -3.434589191999976, 0.0 ], [ 104.23513298000006, -3.434691811999926, 0.0 ], [ 104.235433847000081, -3.434994639999957, 0.0 ], [ 104.235648348000041, -3.435146847999931, 0.0 ], [ 104.23565278500007, -3.435146852999935, 0.0 ], [ 104.235732201000076, -3.435186835999957, 0.0 ], [ 104.235989997000047, -3.434614456999952, 0.0 ], [ 104.236102240000037, -3.434361218999925, 0.0 ], [ 104.236242532000063, -3.434055227999977, 0.0 ], [ 104.236326730000087, -3.433844187999966, 0.0 ], [ 104.236368734000052, -3.433858295999926, 0.0 ], [ 104.236470249000035, -3.433886524999934, 0.0 ], [ 104.236466703000076, -3.433942817999935, 0.0 ], [ 104.236533209000072, -3.433963980999977, 0.0 ], [ 104.23652265000004, -3.434034341999961, 0.0 ], [ 104.236589146000085, -3.434069578999924, 0.0 ], [ 104.236599604000048, -3.434125882999979, 0.0 ], [ 104.236648590000073, -3.434168143999955, 0.0 ], [ 104.236904137000067, -3.434224642999936, 0.0 ], [ 104.237058494000053, -3.434284932999958, 0.0 ], [ 104.237293632000046, -3.434470894999947, 0.0 ], [ 104.237562369000045, -3.43467095799997, 0.0 ], [ 104.237587603000065, -3.434640015999946, 0.0 ], [ 104.237814363000041, -3.43479500799998, 0.0 ], [ 104.238067748000049, -3.434928912999965, 0.0 ], [ 104.238264864000087, -3.435023645999934, 0.0 ], [ 104.238336570000058, -3.435023704999935, 0.0 ], [ 104.238412741000047, -3.435044029999972, 0.0 ], [ 104.238533722000057, -3.435073400999954, 0.0 ], [ 104.238663658000064, -3.435111785999936, 0.0 ], [ 104.238715179000053, -3.43513378199998, 0.0 ], [ 104.238900011000055, -3.435178965999967, 0.0 ], [ 104.238924624000049, -3.435255282999947, 0.0 ], [ 104.238985935000073, -3.435239931999945, 0.0 ], [ 104.239157410000075, -3.435193375999972, 0.0 ], [ 104.239352863000079, -3.435216074999971, 0.0 ], [ 104.239493843000048, -3.435235508999938, 0.0 ], [ 104.239631615000064, -3.435258159999933, 0.0 ], [ 104.239846280000052, -3.435300192999932, 0.0 ], [ 104.239900713000054, -3.435354977999964, 0.0 ], [ 104.239878214000043, -3.435438684999951, 0.0 ], [ 104.239833245000057, -3.435573896999927, 0.0 ], [ 104.239762598000084, -3.435763829999928, 0.0 ], [ 104.239839477000032, -3.435799312999961, 0.0 ], [ 104.239797684000052, -3.435969948999968, 0.0 ], [ 104.239884164000046, -3.436021539999956, 0.0 ], [ 104.23991290400005, -3.436147149999954, 0.0 ], [ 104.239909567000041, -3.436314595999931, 0.0 ], [ 104.239880605000053, -3.436469140999975, 0.0 ], [ 104.23994146800004, -3.436494950999929, 0.0 ], [ 104.240066436000063, -3.436501490999945, 0.0 ], [ 104.240172143000052, -3.436553097999933, 0.0 ], [ 104.240289038000071, -3.436569973999951, 0.0 ], [ 104.240162339000051, -3.437153418999969, 0.0 ], [ 104.240033090000054, -3.437813035999966, 0.0 ], [ 104.240032803000076, -3.43817523499996, 0.0 ], [ 104.240032405000079, -3.438679725999975, 0.0 ], [ 104.240115550000041, -3.439345979999928, 0.0 ], [ 104.240231125000037, -3.439695335999943, 0.0 ], [ 104.240359441000066, -3.440212865999968, 0.0 ], [ 104.24047491500005, -3.440691577999928, 0.0 ], [ 104.240590217000033, -3.441390196999976, 0.0 ], [ 104.240564062000033, -3.441907603999937, 0.0 ], [ 104.24028056700007, -3.442282511999963, 0.0 ], [ 104.239881260000061, -3.442605582999931, 0.0 ], [ 104.239443324000035, -3.442941560999941, 0.0 ], [ 104.238992454000083, -3.443355141999973, 0.0 ], [ 104.238580128000081, -3.443859300999975, 0.0 ], [ 104.238219356000059, -3.444285889999946, 0.0 ], [ 104.238038779000078, -3.444738493999978, 0.0 ], [ 104.237948403000075, -3.445074748999957, 0.0 ], [ 104.237948241000083, -3.445278556999938, 0.0 ], [ 104.237956585000063, -3.445282979999945, 0.0 ], [ 104.238112920000049, -3.445531471999971, 0.0 ], [ 104.238129212000047, -3.445763291999981, 0.0 ], [ 104.238161890000072, -3.446111027999962, 0.0 ], [ 104.238153354000076, -3.446483568999952, 0.0 ], [ 104.23815307700005, -3.446831279999969, 0.0 ], [ 104.238125279000087, -3.447031230999926, 0.0 ], [ 104.238138142000082, -3.447033147999946, 0.0 ], [ 104.238144230000046, -3.44703405599995, 0.0 ], [ 104.238142147000076, -3.447035727999946, 0.0 ], [ 104.238037796000071, -3.44702399099998, 0.0 ], [ 104.237956654000072, -3.44698896899996, 0.0 ], [ 104.237701651000066, -3.446860587999936, 0.0 ], [ 104.237543244000051, -3.446775008999964, 0.0 ], [ 104.237145284000064, -3.446576597999979, 0.0 ], [ 104.23689801200004, -3.446448221999958, 0.0 ], [ 104.236693243000047, -3.446339301999956, 0.0 ], [ 104.236716459000036, -3.44630824799998, 0.0 ], [ 104.236851963000049, -3.446028697999964, 0.0 ], [ 104.236933260000058, -3.44586951399998, 0.0 ], [ 104.236987584000076, -3.445605435999937, 0.0 ], [ 104.237018661000036, -3.445411254999954, 0.0 ], [ 104.237061351000079, -3.44519377599994, 0.0 ], [ 104.237104039000087, -3.444980182999927, 0.0 ], [ 104.237103684000033, -3.44497897399998, 0.0 ], [ 104.237100429000066, -3.444979251999939, 0.0 ], [ 104.237083674000075, -3.444980682999926, 0.0 ], [ 104.236495175000073, -3.445000599999958, 0.0 ], [ 104.235869378000075, -3.444643578999944, 0.0 ], [ 104.235702407000076, -3.444664416999956, 0.0 ], [ 104.235097146000044, -3.444726844999934, 0.0 ], [ 104.234471115000076, -3.444663424999931, 0.0 ], [ 104.23367799600004, -3.444767641999931, 0.0 ], [ 104.232780515000059, -3.444892745999937, 0.0 ], [ 104.232571435000068, -3.445374921999928, 0.0 ], [ 104.232174176000058, -3.446297347999973, 0.0 ], [ 104.231874714000071, -3.447301854999978, 0.0 ], [ 104.231692886000076, -3.447911766999937, 0.0 ], [ 104.231399923000083, -3.448897190999958, 0.0 ], [ 104.230814146000057, -3.45067929399994, 0.0 ], [ 104.230500194000058, -3.451811500999952, 0.0 ], [ 104.230464769000037, -3.45191800899994, 0.0 ], [ 104.229935350000062, -3.453509734999955, 0.0 ], [ 104.229663233000053, -3.454516145999946, 0.0 ], [ 104.229370231000075, -3.455543510999973, 0.0 ], [ 104.229376063000075, -3.455660339999952, 0.0 ], [ 104.229341677000036, -3.455646659999957, 0.0 ], [ 104.22908560500008, -3.456215992999944, 0.0 ], [ 104.228592840000033, -3.457563080999932, 0.0 ], [ 104.227876181000056, -3.459404064999944, 0.0 ], [ 104.22747335300005, -3.460077478999949, 0.0 ], [ 104.227070651000076, -3.460593684999935, 0.0 ], [ 104.226086344000066, -3.461760702999925, 0.0 ], [ 104.225504738000041, -3.462411513999939, 0.0 ], [ 104.225011779000056, -3.463983176999932, 0.0 ], [ 104.224384321000059, -3.466048809999961, 0.0 ], [ 104.223443419000034, -3.468787925999948, 0.0 ], [ 104.22303944500004, -3.470853738999949, 0.0 ], [ 104.222760873000084, -3.471455366999976, 0.0 ], [ 104.22274838900006, -3.471482326999933, 0.0 ], [ 104.222457334000069, -3.472110913999927, 0.0 ], [ 104.221888229000058, -3.473501599999963, 0.0 ], [ 104.221724418000065, -3.473274871999934, 0.0 ], [ 104.220702403000075, -3.472303337999961, 0.0 ], [ 104.219566841000074, -3.471217510999963, 0.0 ], [ 104.218629901000043, -3.470445892999976, 0.0 ], [ 104.217493872000034, -3.469931057999929, 0.0 ], [ 104.215846584000076, -3.469244496999977, 0.0 ], [ 104.214369718000057, -3.468615175999958, 0.0 ], [ 104.213689875000057, -3.468317476999971, 0.0 ], [ 104.213063275000081, -3.468043093999938, 0.0 ], [ 104.212595031000035, -3.467796129999954, 0.0 ] ] ] ] } },
{ "type": "Feature", "properties": { "fid": 99.0, "OBJECTID": 10742.0, "NAMOBJ": "Karang Bindu", "FCODE": "BA03070040", "REMARK": null, "METADATA": "TASWIL1000020230928_DATA_BATAS_DESAKELURAHAN", "SRS_ID": "SRGI 2013", "KDBBPS": null, "KDCBPS": null, "KDCPUM": "16.74.04", "KDEBPS": null, "KDEPUM": "16.74.04.2009", "KDPBPS": null, "KDPKAB": "16.74", "KDPPUM": "16", "LUASWH": 640.04851051825972, "TIPADM": 1.0, "WADMKC": "Rambang Kapak Tengah", "WADMKD": "Karang Bindu", "WADMKK": "Kota Prabumulih", "WADMPR": "Sumatera Selatan", "WIADKC": null, "WIADKK": null, "WIADPR": null, "WIADKD": null, "UUPP": "Hasil Delineasi Batas Desa 2018", "Shape_Leng": 0.118435001832359, "Shape_Area": 0.00052094663792500004 }, "geometry": { "type": "MultiPolygon", "coordinates": [ [ [ [ 104.255791118000047, -3.578570956999954, 0.0 ], [ 104.255694831000085, -3.578551670999957, 0.0 ], [ 104.251863060000062, -3.577784184999928, 0.0 ], [ 104.251152804000071, -3.577641921999941, 0.0 ], [ 104.25111511700004, -3.569705319999969, 0.0 ], [ 104.251074580000079, -3.561168532999943, 0.0 ], [ 104.251068325000062, -3.55985131999995, 0.0 ], [ 104.251062846000082, -3.558697905999963, 0.0 ], [ 104.25105605400006, -3.557268205999947, 0.0 ], [ 104.251052224000034, -3.556462100999966, 0.0 ], [ 104.251041710000038, -3.554249170999981, 0.0 ], [ 104.251041273000055, -3.554157366999959, 0.0 ], [ 104.25103712300006, -3.55328398499995, 0.0 ], [ 104.251035985000044, -3.553044463999925, 0.0 ], [ 104.251022601000045, -3.55022816099995, 0.0 ], [ 104.251022017000082, -3.550105210999959, 0.0 ], [ 104.251836225000034, -3.542973513999925, 0.0 ], [ 104.251928715000076, -3.542163387999949, 0.0 ], [ 104.250648562000038, -3.540049944999964, 0.0 ], [ 104.25050576700005, -3.539814200999956, 0.0 ], [ 104.247863863000077, -3.535452599999928, 0.0 ], [ 104.243443937000052, -3.53403205799998, 0.0 ], [ 104.242467538000085, -3.534333054999934, 0.0 ], [ 104.24230044400008, -3.534384565999972, 0.0 ], [ 104.242283032000046, -3.534389933999933, 0.0 ], [ 104.240597943000068, -3.534909397999968, 0.0 ], [ 104.238735844000075, -3.535483424999939, 0.0 ], [ 104.237654657000064, -3.536290194999935, 0.0 ], [ 104.236837016000038, -3.536900310999954, 0.0 ], [ 104.236537458000043, -3.537123837999957, 0.0 ], [ 104.235810289000085, -3.537666443999967, 0.0 ], [ 104.232481531000076, -3.540150302999962, 0.0 ], [ 104.229711460000033, -3.533564723999973, 0.0 ], [ 104.229540572000076, -3.533158451999952, 0.0 ], [ 104.229691763000062, -3.532688310999959, 0.0 ], [ 104.229789254000082, -3.532438656999943, 0.0 ], [ 104.22985439200005, -3.529869603999941, 0.0 ], [ 104.226759430000072, -3.527406472999928, 0.0 ], [ 104.225251430000071, -3.527349967999953, 0.0 ], [ 104.225149821000059, -3.527034934999961, 0.0 ], [ 104.224823934000085, -3.525847212999963, 0.0 ], [ 104.224372409000068, -3.524558327999955, 0.0 ], [ 104.224347748000071, -3.523977216999981, 0.0 ], [ 104.223544880000077, -3.521879559999945, 0.0 ], [ 104.222037132000082, -3.520817173999944, 0.0 ], [ 104.221907999000052, -3.520547821999969, 0.0 ], [ 104.222124853000082, -3.519081273999973, 0.0 ], [ 104.222156172000041, -3.51886946299993, 0.0 ], [ 104.222152061000088, -3.518729325999971, 0.0 ], [ 104.222102341000038, -3.518047131999936, 0.0 ], [ 104.222027202000049, -3.517693361999932, 0.0 ], [ 104.222178924000048, -3.516657629999941, 0.0 ], [ 104.222330561000035, -3.51572295699998, 0.0 ], [ 104.222445321000066, -3.515034601999957, 0.0 ], [ 104.222507444000087, -3.514661980999961, 0.0 ], [ 104.222709409000061, -3.513676819999944, 0.0 ], [ 104.22273516000007, -3.512944159999961, 0.0 ], [ 104.222911687000078, -3.512312685999973, 0.0 ], [ 104.22308825600004, -3.511630682999964, 0.0 ], [ 104.223504116000072, -3.510430947999964, 0.0 ], [ 104.223605087000067, -3.509951, 0.0 ], [ 104.223580882000078, -3.508814061999942, 0.0 ], [ 104.223556176000045, -3.508283478999942, 0.0 ], [ 104.223758553000039, -3.506793019999975, 0.0 ], [ 104.223759949000055, -3.505100273999972, 0.0 ], [ 104.223610047000079, -3.503937964999977, 0.0 ], [ 104.223610484000062, -3.503407402999926, 0.0 ], [ 104.223699017000058, -3.502763221999942, 0.0 ], [ 104.223699432000046, -3.50225792599997, 0.0 ], [ 104.223473872000056, -3.501373466999951, 0.0 ], [ 104.223248519000038, -3.500236359999974, 0.0 ], [ 104.222998085000086, -3.499023437999938, 0.0 ], [ 104.222621791000051, -3.497987264999949, 0.0 ], [ 104.222044309000069, -3.497001454999975, 0.0 ], [ 104.221542446000058, -3.495788323999932, 0.0 ], [ 104.22139181700004, -3.495510284999966, 0.0 ], [ 104.221254685000076, -3.494107970999949, 0.0 ], [ 104.221155218000035, -3.492768849999948, 0.0 ], [ 104.22115567600008, -3.492213022999977, 0.0 ], [ 104.221458100000063, -3.491354269999931, 0.0 ], [ 104.221785768000075, -3.490369211999962, 0.0 ], [ 104.222037946000057, -3.489459886999953, 0.0 ], [ 104.222767549000082, -3.48890466499995, 0.0 ], [ 104.223166302000038, -3.488496947999977, 0.0 ], [ 104.223666014000059, -3.487986, 0.0 ], [ 104.224555199000065, -3.48847210699995, 0.0 ], [ 104.22495507900004, -3.488733215999957, 0.0 ], [ 104.226035398000079, -3.489744705999954, 0.0 ], [ 104.22736692400008, -3.491034313999933, 0.0 ], [ 104.227542492000055, -3.491565021999975, 0.0 ], [ 104.227793013000053, -3.49267688499998, 0.0 ], [ 104.228156340000055, -3.494205711999939, 0.0 ], [ 104.228732755000067, -3.496505292999927, 0.0 ], [ 104.22873213400004, -3.497263239999938, 0.0 ], [ 104.228940196000053, -3.498064183999929, 0.0 ], [ 104.229007842000044, -3.49832459299995, 0.0 ], [ 104.229010585000083, -3.49833515499995, 0.0 ], [ 104.229081669000038, -3.49860879199997, 0.0 ], [ 104.229283550000048, -3.499385946999951, 0.0 ], [ 104.229283056000043, -3.499992303999932, 0.0 ], [ 104.229584114000033, -3.500801029999934, 0.0 ], [ 104.229922898000041, -3.501597153999967, 0.0 ], [ 104.230299265000042, -3.502557530999979, 0.0 ], [ 104.230951816000072, -3.503998168999942, 0.0 ], [ 104.231554538000069, -3.504882936999934, 0.0 ], [ 104.231981542000085, -3.505413852999936, 0.0 ], [ 104.232584532000033, -3.505970177999927, 0.0 ], [ 104.233238014000051, -3.506273893999946, 0.0 ], [ 104.234168056000044, -3.506603103999964, 0.0 ], [ 104.234746294000047, -3.50667937299994, 0.0 ], [ 104.235726809000084, -3.506781236999927, 0.0 ], [ 104.236556442000051, -3.506908241999952, 0.0 ], [ 104.237159723000048, -3.50711085599994, 0.0 ], [ 104.237411074000079, -3.507212120999952, 0.0 ], [ 104.237712694000038, -3.507338692999951, 0.0 ], [ 104.238441409000075, -3.507895116999975, 0.0 ], [ 104.238785380000081, -3.508169199999941, 0.0 ], [ 104.239044467000042, -3.508375643999955, 0.0 ], [ 104.239546948000054, -3.508856088999948, 0.0 ], [ 104.239973859000088, -3.509513325999933, 0.0 ], [ 104.240275153000084, -3.510044136999966, 0.0 ], [ 104.240802598000073, -3.510751985999946, 0.0 ], [ 104.241380147000086, -3.511687260999963, 0.0 ], [ 104.241882592000081, -3.512218233999931, 0.0 ], [ 104.242284831000063, -3.512294356999973, 0.0 ], [ 104.242565484000067, -3.512529748999953, 0.0 ], [ 104.243088782000086, -3.512587750999955, 0.0 ], [ 104.244335753000087, -3.512761608999938, 0.0 ], [ 104.245625306000079, -3.512207515999933, 0.0 ], [ 104.246485748000055, -3.51091288799995, 0.0 ], [ 104.246793664000052, -3.509679494999943, 0.0 ], [ 104.247470046000046, -3.508261351999977, 0.0 ], [ 104.248267320000082, -3.506662313999925, 0.0 ], [ 104.24835353900005, -3.505973723999944, 0.0 ], [ 104.248323169000059, -3.504647285999965, 0.0 ], [ 104.24810485200004, -3.502531163999947, 0.0 ], [ 104.247791944000085, -3.500793941999973, 0.0 ], [ 104.247353171000043, -3.499246106999976, 0.0 ], [ 104.246851789000061, -3.497382407999964, 0.0 ], [ 104.246444372000042, -3.495929341999954, 0.0 ], [ 104.245880237000051, -3.493939267999963, 0.0 ], [ 104.24577333600007, -3.493557246999956, 0.0 ], [ 104.245488891000036, -3.492519337999966, 0.0 ], [ 104.245253548000051, -3.491570166999963, 0.0 ], [ 104.245266366000067, -3.491097933999924, 0.0 ], [ 104.245304698000041, -3.49068742299994, 0.0 ], [ 104.245349465000061, -3.490208025999948, 0.0 ], [ 104.245627850000062, -3.489804656999979, 0.0 ], [ 104.246142863000046, -3.489701585999967, 0.0 ], [ 104.246565081000085, -3.489732971999956, 0.0 ], [ 104.247049076000053, -3.489785102999974, 0.0 ], [ 104.247091701000045, -3.489795847999972, 0.0 ], [ 104.247460938000074, -3.489888919999942, 0.0 ], [ 104.24827434000008, -3.490127589999929, 0.0 ], [ 104.248634676000052, -3.490272759999925, 0.0 ], [ 104.249360513000056, -3.490547577999962, 0.0 ], [ 104.250091444000077, -3.49088966599993, 0.0 ], [ 104.250739989000067, -3.491231685999935, 0.0 ], [ 104.251409137000053, -3.491563376999977, 0.0 ], [ 104.252160604000039, -3.491988267999943, 0.0 ], [ 104.252675307000061, -3.492278438999961, 0.0 ], [ 104.253467969000042, -3.492703362999976, 0.0 ], [ 104.253626603000043, -3.492767269999945, 0.0 ], [ 104.255277934000048, -3.493217149999964, 0.0 ], [ 104.257610123000063, -3.493774143999929, 0.0 ], [ 104.259267082000065, -3.494330598999966, 0.0 ], [ 104.261967542000036, -3.494949556999927, 0.0 ], [ 104.263993011000082, -3.49525956399998, 0.0 ], [ 104.266141061000042, -3.495816394999963, 0.0 ], [ 104.268043763000037, -3.496126297999979, 0.0 ], [ 104.269015382000077, -3.496314840999958, 0.0 ], [ 104.26963954200005, -3.49643595799995, 0.0 ], [ 104.272401502000037, -3.496931570999948, 0.0 ], [ 104.273896840000077, -3.497247276999929, 0.0 ], [ 104.274496166000063, -3.497373811999978, 0.0 ], [ 104.275040647000083, -3.497488765999947, 0.0 ], [ 104.276943217000053, -3.497983700999953, 0.0 ], [ 104.278968656000075, -3.498355361999927, 0.0 ], [ 104.281055438000067, -3.498788747999924, 0.0 ], [ 104.282283009000082, -3.498974738999948, 0.0 ], [ 104.282712520000075, -3.49922179899994, 0.0 ], [ 104.282804123000062, -3.499337064999963, 0.0 ], [ 104.285018522000087, -3.499868739999954, 0.0 ], [ 104.288299419000055, -3.500577810999971, 0.0 ], [ 104.29169760700006, -3.501169198999946, 0.0 ], [ 104.294627022000043, -3.501760221999973, 0.0 ], [ 104.297204859000033, -3.502350971999931, 0.0 ], [ 104.299641836000035, -3.502924095999958, 0.0 ], [ 104.299610746000042, -3.502861995999979, 0.0 ], [ 104.299591576000068, -3.502823705999958, 0.0 ], [ 104.29954060700004, -3.502721082999926, 0.0 ], [ 104.29948962800006, -3.502619390999939, 0.0 ], [ 104.29945708200006, -3.502560022999944, 0.0 ], [ 104.299350266000033, -3.502062142999932, 0.0 ], [ 104.299347599000043, -3.501978834999932, 0.0 ], [ 104.299342082000067, -3.501915125999972, 0.0 ], [ 104.299332831000072, -3.501801795999938, 0.0 ], [ 104.299306602000058, -3.501649680999947, 0.0 ], [ 104.299281422000035, -3.501541015999976, 0.0 ], [ 104.299259946000063, -3.501472817999968, 0.0 ], [ 104.299233504000085, -3.501364494999962, 0.0 ], [ 104.299210980000055, -3.501278971999966, 0.0 ], [ 104.299200951000046, -3.501193486999966, 0.0 ], [ 104.299198107000052, -3.501095638999971, 0.0 ], [ 104.29920087000005, -3.500988352999968, 0.0 ], [ 104.299214708000079, -3.500902459999963, 0.0 ], [ 104.299254806000079, -3.500781124999946, 0.0 ], [ 104.299297148000051, -3.500669787999925, 0.0 ], [ 104.299341261000052, -3.500572933999933, 0.0 ], [ 104.299403526000049, -3.500401427999975, 0.0 ], [ 104.299484229000086, -3.500132469999926, 0.0 ], [ 104.299498817000085, -3.500066677999939, 0.0 ], [ 104.299509733000036, -3.500000003999958, 0.0 ], [ 104.299545134000084, -3.49983937899998, 0.0 ], [ 104.299557909000043, -3.49972947599997, 0.0 ], [ 104.299559352000074, -3.49960490899997, 0.0 ], [ 104.299550282000041, -3.499452616999974, 0.0 ], [ 104.29953146400004, -3.499310195999954, 0.0 ], [ 104.299420888000043, -3.498856351999962, 0.0 ], [ 104.299409320000052, -3.498430441999972, 0.0 ], [ 104.299433262000036, -3.498195618999944, 0.0 ], [ 104.299512752000055, -3.497837444999959, 0.0 ], [ 104.299605302000032, -3.497459957999979, 0.0 ], [ 104.299665197000081, -3.497215977999929, 0.0 ], [ 104.299687832000075, -3.497067745999971, 0.0 ], [ 104.299680160000037, -3.49693704699996, 0.0 ], [ 104.299645259000044, -3.496794812999951, 0.0 ], [ 104.300518800000077, -3.497612052999955, 0.0 ], [ 104.300953303000085, -3.497595745999945, 0.0 ], [ 104.303828173000056, -3.497487842999931, 0.0 ], [ 104.303979175000052, -3.49786011499998, 0.0 ], [ 104.305083124000078, -3.500581719999957, 0.0 ], [ 104.305416510000043, -3.501403627999935, 0.0 ], [ 104.305420665000042, -3.501413869999965, 0.0 ], [ 104.306340590000048, -3.503681780999955, 0.0 ], [ 104.307040741000037, -3.505407872999967, 0.0 ], [ 104.307152357000064, -3.505683039999951, 0.0 ], [ 104.307830164000052, -3.507090538999933, 0.0 ], [ 104.308525447000079, -3.508534327999939, 0.0 ], [ 104.309467201000075, -3.510489918999951, 0.0 ], [ 104.310070404000044, -3.511742489999961, 0.0 ], [ 104.311778181000079, -3.515288728999963, 0.0 ], [ 104.312200907000033, -3.516166528999975, 0.0 ], [ 104.312287646000073, -3.516346642999963, 0.0 ], [ 104.312586059000068, -3.516966301999958, 0.0 ], [ 104.312610273000075, -3.51701658199994, 0.0 ], [ 104.312789340000052, -3.517289350999931, 0.0 ], [ 104.313515624000047, -3.518395682999937, 0.0 ], [ 104.31611421000008, -3.52235402599996, 0.0 ], [ 104.316115981000053, -3.522354546999964, 0.0 ], [ 104.31620993100006, -3.522386323999967, 0.0 ], [ 104.316309007000086, -3.522425683999927, 0.0 ], [ 104.316384984000081, -3.522461482999972, 0.0 ], [ 104.316450076000081, -3.522485421999932, 0.0 ], [ 104.316422594000073, -3.522585828999979, 0.0 ], [ 104.316395111000077, -3.522686236999959, 0.0 ], [ 104.31636996900005, -3.522743612999932, 0.0 ], [ 104.316682946000071, -3.523220358999936, 0.0 ], [ 104.316836402000035, -3.523454112999957, 0.0 ], [ 104.317108868000048, -3.524742062999962, 0.0 ], [ 104.317738950000034, -3.527720465999948, 0.0 ], [ 104.317816741000058, -3.52808818699998, 0.0 ], [ 104.318374551000034, -3.530724949999978, 0.0 ], [ 104.318624711000041, -3.531907451999928, 0.0 ], [ 104.319115331000035, -3.534226597999975, 0.0 ], [ 104.31908375900008, -3.534325792999937, 0.0 ], [ 104.31877744600007, -3.535288184999956, 0.0 ], [ 104.318575404000057, -3.53592297299997, 0.0 ], [ 104.318368809000049, -3.536572060999958, 0.0 ], [ 104.317975777000072, -3.537806903999979, 0.0 ], [ 104.317949957000053, -3.537888025999962, 0.0 ], [ 104.31781886400006, -3.538299896999945, 0.0 ], [ 104.31769012500007, -3.538704374999952, 0.0 ], [ 104.31768489500007, -3.538764385999968, 0.0 ], [ 104.317684882000037, -3.538764537999953, 0.0 ], [ 104.317496467000069, -3.540926462999948, 0.0 ], [ 104.317459665000058, -3.541348742999958, 0.0 ], [ 104.317367889000082, -3.54240181199998, 0.0 ], [ 104.317370372000084, -3.542510949999951, 0.0 ], [ 104.31736912000008, -3.542598634999933, 0.0 ], [ 104.317367923000063, -3.542719972999976, 0.0 ], [ 104.317351614000074, -3.542847163999966, 0.0 ], [ 104.317348891000051, -3.542868403999933, 0.0 ], [ 104.317345241000055, -3.54289687499994, 0.0 ], [ 104.317341631000033, -3.542911233999973, 0.0 ], [ 104.317314496000051, -3.543019157999936, 0.0 ], [ 104.317313791000061, -3.543021936999935, 0.0 ], [ 104.317282212000066, -3.543146652999951, 0.0 ], [ 104.317259001000082, -3.543238318999954, 0.0 ], [ 104.317256477000058, -3.543258639999976, 0.0 ], [ 104.31723990100005, -3.543392064999978, 0.0 ], [ 104.317218555000068, -3.54352386599993, 0.0 ], [ 104.317208574000063, -3.543585504999953, 0.0 ], [ 104.317190809000067, -3.543695197999966, 0.0 ], [ 104.31718649000004, -3.543712407999976, 0.0 ], [ 104.317154492000043, -3.543839902999935, 0.0 ], [ 104.317113146000054, -3.543968031999952, 0.0 ], [ 104.317072202000077, -3.544064267999943, 0.0 ], [ 104.317054523000081, -3.544105817999935, 0.0 ], [ 104.316983238000034, -3.544314424999925, 0.0 ], [ 104.316956430000062, -3.544392875999961, 0.0 ], [ 104.316935207000085, -3.544452708999927, 0.0 ], [ 104.316928146000066, -3.54447261699994, 0.0 ], [ 104.316903697000043, -3.544553255999972, 0.0 ], [ 104.316896227000086, -3.544585107999978, 0.0 ], [ 104.316884722000054, -3.544634169999938, 0.0 ], [ 104.316880665000042, -3.544668747999935, 0.0 ], [ 104.316871208000066, -3.544749347999925, 0.0 ], [ 104.316871033000041, -3.544750848999968, 0.0 ], [ 104.316848488000062, -3.544847772999958, 0.0 ], [ 104.316846584000075, -3.544855957999971, 0.0 ], [ 104.316816224000036, -3.545009274999927, 0.0 ], [ 104.316810817000032, -3.545036576999962, 0.0 ], [ 104.316799305000075, -3.54508183799993, 0.0 ], [ 104.316787693000038, -3.545127484999966, 0.0 ], [ 104.31678531700004, -3.545150195999952, 0.0 ], [ 104.31678148900005, -3.545186795999939, 0.0 ], [ 104.316774210000062, -3.545256384999959, 0.0 ], [ 104.316773724000086, -3.545270000999949, 0.0 ], [ 104.316771729000038, -3.545325885999944, 0.0 ], [ 104.316769194000074, -3.545416663999958, 0.0 ], [ 104.316766768000036, -3.545452965999971, 0.0 ], [ 104.316754083000035, -3.545642801999975, 0.0 ], [ 104.316744852000056, -3.54572662299995, 0.0 ], [ 104.316741512000078, -3.545756947999962, 0.0 ], [ 104.316738779000048, -3.545778648999942, 0.0 ], [ 104.316730926000048, -3.545841007999968, 0.0 ], [ 104.31672863700004, -3.545942288999925, 0.0 ], [ 104.316728542000078, -3.546070709999981, 0.0 ], [ 104.316731347000086, -3.546222611999951, 0.0 ], [ 104.316731942000047, -3.546254820999934, 0.0 ], [ 104.31673212700008, -3.546264846999975, 0.0 ], [ 104.316733266000085, -3.546289165999951, 0.0 ], [ 104.316736979000041, -3.546368479999956, 0.0 ], [ 104.316749368000046, -3.546633116999942, 0.0 ], [ 104.316760720000048, -3.546717452999928, 0.0 ], [ 104.316762978000042, -3.546734228999981, 0.0 ], [ 104.316767888000072, -3.546755006999945, 0.0 ], [ 104.316791538000075, -3.546855117999939, 0.0 ], [ 104.316834490000076, -3.547007027999939, 0.0 ], [ 104.316880792000063, -3.547151208999935, 0.0 ], [ 104.316923400000064, -3.547283884999956, 0.0 ], [ 104.316937313000039, -3.547335290999968, 0.0 ], [ 104.31695393800004, -3.547396714999934, 0.0 ], [ 104.316996584000037, -3.547510105999947, 0.0 ], [ 104.317028540000081, -3.547578116999944, 0.0 ], [ 104.317046707000088, -3.547616780999931, 0.0 ], [ 104.317104885000049, -3.547746376999953, 0.0 ], [ 104.317143577000081, -3.547832562999929, 0.0 ], [ 104.317144805000055, -3.547835039999939, 0.0 ], [ 104.317185839000047, -3.547917827999925, 0.0 ], [ 104.317219526000088, -3.547979188999932, 0.0 ], [ 104.317220438000049, -3.547980849999931, 0.0 ], [ 104.31724937000007, -3.548033550999946, 0.0 ], [ 104.317322446000048, -3.548137844999928, 0.0 ], [ 104.317398192000041, -3.548245950999956, 0.0 ], [ 104.317265092000071, -3.548382983999943, 0.0 ], [ 104.317153307000069, -3.548498071999973, 0.0 ], [ 104.317139431000044, -3.548514100999967, 0.0 ], [ 104.316998496000053, -3.548676909999926, 0.0 ], [ 104.316988759000083, -3.548688157999948, 0.0 ], [ 104.31686675900005, -3.548834905999968, 0.0 ], [ 104.316835550000064, -3.548872443999926, 0.0 ], [ 104.316787602000034, -3.548937206999938, 0.0 ], [ 104.316691508000076, -3.549066996999954, 0.0 ], [ 104.316656545000058, -3.549120458999937, 0.0 ], [ 104.316591973000072, -3.549219199999925, 0.0 ], [ 104.316501205000066, -3.549388919999956, 0.0 ], [ 104.316436685000042, -3.549509563999948, 0.0 ], [ 104.316385010000033, -3.54960618299998, 0.0 ], [ 104.316309835000084, -3.549798198999952, 0.0 ], [ 104.316230325000049, -3.549940320999951, 0.0 ], [ 104.316228075000083, -3.549944343999925, 0.0 ], [ 104.316226113000084, -3.549947849999967, 0.0 ], [ 104.316224882000085, -3.549950051999929, 0.0 ], [ 104.316222191000065, -3.549954860999947, 0.0 ], [ 104.316153616000065, -3.550105495999958, 0.0 ], [ 104.316149281000037, -3.550115017999929, 0.0 ], [ 104.316088489000037, -3.550301299999944, 0.0 ], [ 104.316058928000075, -3.55042840599998, 0.0 ], [ 104.316029711000056, -3.550638538999976, 0.0 ], [ 104.316029024000045, -3.550647776999938, 0.0 ], [ 104.316018890000066, -3.550783859999967, 0.0 ], [ 104.316017497000075, -3.550853832999962, 0.0 ], [ 104.316017402000057, -3.550859877999926, 0.0 ], [ 104.316016090000062, -3.55094263899997, 0.0 ], [ 104.316005327000084, -3.551008569999965, 0.0 ], [ 104.315973155000052, -3.551050257999975, 0.0 ], [ 104.315936977000035, -3.551078491999931, 0.0 ], [ 104.315904255000078, -3.551096164999933, 0.0 ], [ 104.315867309000055, -3.551116117999925, 0.0 ], [ 104.315839144000051, -3.551168574999963, 0.0 ], [ 104.315837769000041, -3.551214329999937, 0.0 ], [ 104.315831303000039, -3.551296390999937, 0.0 ], [ 104.315826954000045, -3.551351572999977, 0.0 ], [ 104.315782585000079, -3.551629568999942, 0.0 ], [ 104.315781214000083, -3.55163816299995, 0.0 ], [ 104.315778786000067, -3.551647468999931, 0.0 ], [ 104.315776007000068, -3.551658117999978, 0.0 ], [ 104.315750326000057, -3.55175655599993, 0.0 ], [ 104.31573015400005, -3.551861505999966, 0.0 ], [ 104.315712679000058, -3.551958378999927, 0.0 ], [ 104.315707187000044, -3.551983733999975, 0.0 ], [ 104.315688486000056, -3.552070046999972, 0.0 ], [ 104.315673878000041, -3.552137081999945, 0.0 ], [ 104.315672361000054, -3.552144041999952, 0.0 ], [ 104.31565517000007, -3.552215219999937, 0.0 ], [ 104.315652213000078, -3.552227461999962, 0.0 ], [ 104.315633047000063, -3.552356476999933, 0.0 ], [ 104.315632027000049, -3.552363349999951, 0.0 ], [ 104.315608046000079, -3.552482096999938, 0.0 ], [ 104.315587892000053, -3.552581892999967, 0.0 ], [ 104.315580945000079, -3.552616291999925, 0.0 ], [ 104.315565279000054, -3.552692195999953, 0.0 ], [ 104.315558546000034, -3.552724815999966, 0.0 ], [ 104.315536087000055, -3.552833638999971, 0.0 ], [ 104.315530360000082, -3.55286138699995, 0.0 ], [ 104.315506873000061, -3.552975182999944, 0.0 ], [ 104.315480144000048, -3.55310469099993, 0.0 ], [ 104.315464547000033, -3.553174574999957, 0.0 ], [ 104.31544580800005, -3.553258539999945, 0.0 ], [ 104.315426397000067, -3.553345517999958, 0.0 ], [ 104.315413231000036, -3.553399267999964, 0.0 ], [ 104.31539146700004, -3.553488125999934, 0.0 ], [ 104.315357855000059, -3.553686257999971, 0.0 ], [ 104.315353805000086, -3.553710130999946, 0.0 ], [ 104.315342661000045, -3.553784399999927, 0.0 ], [ 104.315337655000064, -3.553817769999966, 0.0 ], [ 104.315294608000045, -3.554076100999964, 0.0 ], [ 104.315267649000077, -3.554232209999952, 0.0 ], [ 104.315266511000061, -3.554238801999929, 0.0 ], [ 104.315264666000076, -3.554249482999978, 0.0 ], [ 104.315211017000081, -3.554560143999936, 0.0 ], [ 104.315180291000047, -3.554738069999928, 0.0 ], [ 104.315164132000064, -3.554857822999963, 0.0 ], [ 104.315151966000087, -3.555007176999936, 0.0 ], [ 104.315148686000043, -3.555089639999949, 0.0 ], [ 104.315147434000039, -3.55512112599996, 0.0 ], [ 104.315147290000084, -3.555124778999925, 0.0 ], [ 104.315147006000075, -3.555131917999972, 0.0 ], [ 104.315146508000055, -3.555144432999953, 0.0 ], [ 104.315148821000037, -3.55538643999995, 0.0 ], [ 104.315148990000068, -3.555404136999925, 0.0 ], [ 104.315148844000078, -3.555603290999954, 0.0 ], [ 104.31514923900005, -3.555609972999946, 0.0 ], [ 104.315150578000043, -3.555632577999972, 0.0 ], [ 104.315152419000071, -3.555663663999951, 0.0 ], [ 104.315155459000039, -3.555714990999945, 0.0 ], [ 104.315178132000085, -3.555846875999976, 0.0 ], [ 104.315178736000064, -3.555848640999955, 0.0 ], [ 104.315212581000083, -3.555947426999978, 0.0 ], [ 104.315242710000064, -3.556035365999946, 0.0 ], [ 104.315243616000032, -3.556038009999952, 0.0 ], [ 104.315245019000088, -3.556041565999976, 0.0 ], [ 104.315321143000062, -3.556234526999958, 0.0 ], [ 104.315359909000051, -3.556334136999965, 0.0 ], [ 104.315365169000074, -3.556349547999957, 0.0 ], [ 104.315384127000073, -3.556405093999956, 0.0 ], [ 104.31539747000005, -3.556444185999965, 0.0 ], [ 104.315404011000055, -3.55646335199998, 0.0 ], [ 104.315404491000038, -3.556478659999925, 0.0 ], [ 104.315406026000062, -3.55652770599994, 0.0 ], [ 104.315406624000047, -3.556546778999973, 0.0 ], [ 104.315393171000039, -3.556634237999958, 0.0 ], [ 104.315749889000074, -3.55713934299996, 0.0 ], [ 104.315571667000086, -3.558598735999965, 0.0 ], [ 104.315439525000045, -3.559680792999927, 0.0 ], [ 104.314581555000075, -3.566706237999938, 0.0 ], [ 104.314506635000043, -3.566727495999942, 0.0 ], [ 104.314393188000054, -3.566759684999965, 0.0 ], [ 104.314388478000069, -3.566761020999934, 0.0 ], [ 104.314316619000067, -3.566777521999938, 0.0 ], [ 104.314235994000057, -3.566788470999938, 0.0 ], [ 104.314117176000082, -3.56678838199997, 0.0 ], [ 104.313968579000061, -3.566782471999943, 0.0 ], [ 104.313851812000053, -3.566772089999972, 0.0 ], [ 104.313724662000084, -3.566727984999943, 0.0 ], [ 104.313631954000073, -3.566692595999939, 0.0 ], [ 104.313542106000057, -3.566658299999972, 0.0 ], [ 104.31342937800008, -3.56662296099995, 0.0 ], [ 104.313334680000082, -3.566593273999956, 0.0 ], [ 104.313226745000065, -3.566558580999981, 0.0 ], [ 104.313112604000082, -3.56652915899997, 0.0 ], [ 104.313013928000032, -3.566502008999976, 0.0 ], [ 104.312918222000064, -3.566490411999951, 0.0 ], [ 104.312794663000034, -3.566484493999951, 0.0 ], [ 104.312684438000076, -3.566484410999976, 0.0 ], [ 104.312567687000069, -3.566484322999941, 0.0 ], [ 104.312401180000052, -3.56648324899993, 0.0 ], [ 104.312290059000077, -3.566482531999952, 0.0 ], [ 104.312203093000051, -3.56648452099995, 0.0 ], [ 104.312104207000061, -3.566486635999979, 0.0 ], [ 104.311979744000041, -3.56648654199995, 0.0 ], [ 104.311860517000071, -3.56647881799995, 0.0 ], [ 104.311741405000078, -3.566474774999961, 0.0 ], [ 104.311635139000032, -3.566472957999963, 0.0 ], [ 104.31148031500004, -3.56647488699997, 0.0 ], [ 104.311361564000038, -3.566487819999963, 0.0 ], [ 104.311250070000085, -3.566499961999966, 0.0 ], [ 104.311146797000049, -3.56651766899995, 0.0 ], [ 104.311054997000042, -3.566536174999953, 0.0 ], [ 104.310974589000068, -3.566552385999955, 0.0 ], [ 104.310867149000046, -3.566579471999944, 0.0 ], [ 104.310751931000084, -3.56659276399995, 0.0 ], [ 104.310634597000046, -3.566594846999976, 0.0 ], [ 104.310528989000034, -3.566592578999973, 0.0 ], [ 104.310451199000056, -3.566592519999972, 0.0 ], [ 104.310356449000039, -3.566578806999928, 0.0 ], [ 104.31023642100007, -3.566546864999964, 0.0 ], [ 104.31011301500007, -3.566493732999959, 0.0 ], [ 104.310020760000043, -3.566459246999955, 0.0 ], [ 104.309928505000073, -3.566424760999951, 0.0 ], [ 104.309819055000048, -3.566391472999953, 0.0 ], [ 104.309818715000063, -3.566391369999963, 0.0 ], [ 104.309662431000049, -3.56635892099996, 0.0 ], [ 104.309544306000078, -3.566346862999978, 0.0 ], [ 104.309533172000044, -3.566346854999949, 0.0 ], [ 104.30946540900004, -3.566346803999977, 0.0 ], [ 104.309311050000076, -3.566340834999949, 0.0 ], [ 104.309170528000038, -3.566348327999947, 0.0 ], [ 104.309028013000045, -3.566348219999952, 0.0 ], [ 104.308881562000067, -3.566363271999933, 0.0 ], [ 104.308702599000071, -3.566377365999926, 0.0 ], [ 104.308577110000044, -3.566377271999954, 0.0 ], [ 104.308501799000055, -3.566373270999975, 0.0 ], [ 104.308398265000051, -3.566367329999935, 0.0 ], [ 104.308279367000068, -3.566340372999946, 0.0 ], [ 104.308128190000048, -3.566306299999951, 0.0 ], [ 104.307959685000071, -3.566266214999928, 0.0 ], [ 104.307829642000058, -3.56623000299993, 0.0 ], [ 104.307715239000061, -3.566198146999966, 0.0 ], [ 104.307598256000063, -3.566156914999965, 0.0 ], [ 104.307589621000034, -3.566153870999926, 0.0 ], [ 104.307443525000053, -3.566102375999947, 0.0 ], [ 104.307359709000082, -3.566069954999932, 0.0 ], [ 104.307317417000036, -3.56604867599998, 0.0 ], [ 104.307264111000052, -3.566021854999974, 0.0 ], [ 104.307167164000077, -3.565977553999971, 0.0 ], [ 104.307070217000046, -3.565933253999958, 0.0 ], [ 104.307024177000073, -3.565916175999973, 0.0 ], [ 104.306881161000035, -3.565864132999934, 0.0 ], [ 104.306807719000062, -3.565842673999953, 0.0 ], [ 104.306684284000085, -3.565810793999958, 0.0 ], [ 104.30667268500008, -3.56580779799998, 0.0 ], [ 104.306576383000049, -3.565778132999981, 0.0 ], [ 104.30647452900007, -3.565746757999932, 0.0 ], [ 104.306389940000088, -3.565713936999941, 0.0 ], [ 104.306323335000059, -3.565675176999946, 0.0 ], [ 104.306257024000047, -3.56562803199995, 0.0 ], [ 104.30617619800006, -3.565558775999932, 0.0 ], [ 104.306109581000044, -3.565500439999937, 0.0 ], [ 104.306049593000068, -3.565438056999938, 0.0 ], [ 104.305980645000034, -3.565366393999966, 0.0 ], [ 104.305924555000047, -3.565316388999975, 0.0 ], [ 104.305878691000032, -3.565281697999978, 0.0 ], [ 104.305814637000083, -3.565238995999948, 0.0 ], [ 104.305737667000074, -3.565190186999928, 0.0 ], [ 104.305670580000083, -3.565145555999948, 0.0 ], [ 104.305550621000066, -3.56503310599993, 0.0 ], [ 104.305541769000058, -3.565024807999976, 0.0 ], [ 104.305468612000084, -3.56493549299995, 0.0 ], [ 104.305363853000074, -3.56480950699995, 0.0 ], [ 104.305296635000047, -3.56474742599994, 0.0 ], [ 104.305232097000044, -3.564701086999946, 0.0 ], [ 104.305181775000051, -3.564668454999946, 0.0 ], [ 104.305105738000066, -3.564624558999981, 0.0 ], [ 104.30504307700005, -3.564573580999934, 0.0 ], [ 104.304977940000072, -3.564509420999968, 0.0 ], [ 104.304908990000058, -3.56444019099996, 0.0 ], [ 104.304867841000032, -3.564397081999971, 0.0 ], [ 104.304782850000038, -3.564300881999941, 0.0 ], [ 104.304652763000036, -3.564188355999931, 0.0 ], [ 104.304561893000084, -3.564127341999949, 0.0 ], [ 104.304481294000084, -3.564079579999941, 0.0 ], [ 104.304395469000042, -3.564039014999935, 0.0 ], [ 104.304300451000074, -3.564009641999974, 0.0 ], [ 104.304177899000081, -3.56399507499998, 0.0 ], [ 104.304088253000032, -3.563993649999929, 0.0 ], [ 104.303988089000086, -3.563996305999979, 0.0 ], [ 104.303899086000058, -3.564002226999946, 0.0 ], [ 104.303831751000075, -3.564002369999969, 0.0 ], [ 104.303736732000061, -3.564002571999936, 0.0 ], [ 104.303645145000075, -3.564002766999977, 0.0 ], [ 104.303570496000077, -3.564005640999937, 0.0 ], [ 104.303479589000062, -3.564005571999928, 0.0 ], [ 104.303371369000047, -3.564004132999969, 0.0 ], [ 104.303257329000076, -3.563996754999948, 0.0 ], [ 104.303133715000058, -3.563981345999935, 0.0 ], [ 104.30303875900006, -3.563954342999978, 0.0 ], [ 104.302968308000061, -3.563929339999959, 0.0 ], [ 104.302862210000058, -3.563880739999945, 0.0 ], [ 104.302768592000064, -3.563837856999953, 0.0 ], [ 104.302697441000078, -3.563798133999967, 0.0 ], [ 104.302614443000039, -3.56376942199995, 0.0 ], [ 104.302532506000034, -3.563753935999955, 0.0 ], [ 104.302435494000065, -3.563730576999944, 0.0 ], [ 104.302348153000082, -3.563705180999932, 0.0 ], [ 104.302267458000074, -3.563678739999943, 0.0 ], [ 104.302153280000084, -3.563626609999972, 0.0 ], [ 104.302081100000066, -3.563582477999944, 0.0 ], [ 104.302079640000045, -3.563581584999952, 0.0 ], [ 104.30195973900004, -3.563513971999953, 0.0 ], [ 104.301900533000037, -3.563466048999942, 0.0 ], [ 104.301879692000057, -3.563449178999974, 0.0 ], [ 104.301801484000066, -3.563385873999948, 0.0 ], [ 104.301721416000078, -3.563303491999932, 0.0 ], [ 104.301654556000074, -3.563233060999949, 0.0 ], [ 104.301546922000057, -3.563136436999969, 0.0 ], [ 104.301454439000054, -3.563077067999927, 0.0 ], [ 104.301373462000072, -3.563029720999964, 0.0 ], [ 104.301350849000073, -3.563022423999939, 0.0 ], [ 104.301270048000049, -3.562996351999971, 0.0 ], [ 104.301191598000059, -3.562988882999946, 0.0 ], [ 104.301130510000064, -3.562988836999978, 0.0 ], [ 104.301066373000083, -3.562996576999979, 0.0 ], [ 104.301024872000085, -3.563014546999966, 0.0 ], [ 104.301011368000047, -3.563022424999929, 0.0 ], [ 104.300911785000039, -3.563080516999946, 0.0 ], [ 104.300842030000069, -3.563136767999936, 0.0 ], [ 104.300716671000032, -3.563238768999952, 0.0 ], [ 104.300652743000057, -3.563296923999928, 0.0 ], [ 104.300578500000086, -3.563364461999925, 0.0 ], [ 104.300443840000071, -3.563480095999978, 0.0 ], [ 104.300386517000049, -3.563521968999964, 0.0 ], [ 104.300328587000081, -3.563564283999938, 0.0 ], [ 104.300252498000077, -3.563605742999925, 0.0 ], [ 104.300165297000035, -3.563653256999942, 0.0 ], [ 104.300038590000042, -3.56369826599996, 0.0 ], [ 104.299940072000084, -3.563733261999971, 0.0 ], [ 104.299804687000062, -3.563758967999945, 0.0 ], [ 104.299686156000064, -3.563772645999961, 0.0 ], [ 104.299596544000053, -3.56377452199996, 0.0 ], [ 104.299469674000079, -3.563778513999978, 0.0 ], [ 104.299361625000074, -3.563778431999935, 0.0 ], [ 104.299224614000082, -3.563776047999966, 0.0 ], [ 104.299105338000061, -3.563774011999953, 0.0 ], [ 104.298941479000064, -3.563772094999933, 0.0 ], [ 104.298862257000053, -3.563784970999961, 0.0 ], [ 104.298785715000065, -3.563815099999943, 0.0 ], [ 104.298723737000046, -3.563860835999947, 0.0 ], [ 104.298638227000083, -3.56392720599996, 0.0 ], [ 104.298585267000078, -3.563977362999935, 0.0 ], [ 104.298525679000079, -3.564041347999932, 0.0 ], [ 104.298423477000085, -3.56415485499997, 0.0 ], [ 104.298354004000032, -3.564241699999968, 0.0 ], [ 104.298270376000062, -3.564334833999965, 0.0 ], [ 104.298175235000087, -3.564440789999935, 0.0 ], [ 104.298083226000074, -3.564533739999945, 0.0 ], [ 104.298016141000062, -3.564601510999978, 0.0 ], [ 104.297946293000052, -3.564660899999978, 0.0 ], [ 104.297885433000033, -3.564707872999975, 0.0 ], [ 104.297845477000067, -3.564738711999951, 0.0 ], [ 104.297746086000075, -3.564801307999971, 0.0 ], [ 104.297628445000043, -3.564863799999955, 0.0 ], [ 104.297518295000089, -3.564905980999924, 0.0 ], [ 104.297416192000071, -3.564945080999962, 0.0 ], [ 104.297317339000074, -3.56496928699994, 0.0 ], [ 104.297209172000066, -3.564995773999954, 0.0 ], [ 104.297096819000046, -3.565023285999928, 0.0 ], [ 104.297003931000063, -3.565046300999938, 0.0 ], [ 104.296963520000077, -3.565056313999946, 0.0 ], [ 104.296911044000069, -3.565069315999949, 0.0 ], [ 104.296824882000067, -3.565090294999948, 0.0 ], [ 104.296726378000074, -3.565114278999943, 0.0 ], [ 104.296601838000072, -3.565149849999955, 0.0 ], [ 104.296493986000087, -3.56518065399996, 0.0 ], [ 104.296408545000077, -3.565220495999938, 0.0 ], [ 104.296323105000056, -3.565260337999973, 0.0 ], [ 104.296234445000039, -3.565299286999959, 0.0 ], [ 104.296145787000057, -3.565338235999945, 0.0 ], [ 104.296022733000086, -3.565403879999963, 0.0 ], [ 104.295888890000072, -3.565497297999968, 0.0 ], [ 104.295757931000082, -3.565598189999946, 0.0 ], [ 104.29564546000006, -3.565716763999944, 0.0 ], [ 104.29556883500004, -3.565793452999969, 0.0 ], [ 104.295494683000072, -3.565867666999964, 0.0 ], [ 104.295408191000035, -3.565965295999945, 0.0 ], [ 104.295307477000051, -3.566078979999929, 0.0 ], [ 104.295229215000063, -3.566168497999968, 0.0 ], [ 104.295131965000053, -3.566279734999966, 0.0 ], [ 104.295056341000077, -3.566380144999926, 0.0 ], [ 104.295002115000045, -3.566495877999955, 0.0 ], [ 104.29498734200007, -3.566576296999926, 0.0 ], [ 104.294983840000043, -3.566682297999932, 0.0 ], [ 104.294984404000047, -3.56680546399997, 0.0 ], [ 104.294985949000079, -3.566939367999964, 0.0 ], [ 104.294985876000055, -3.567035294999926, 0.0 ], [ 104.294978681000032, -3.567131966999966, 0.0 ], [ 104.294952096000088, -3.567212376999976, 0.0 ], [ 104.294910322000078, -3.567268982999963, 0.0 ], [ 104.29482385600005, -3.567335949999972, 0.0 ], [ 104.294756375000077, -3.567361145999939, 0.0 ], [ 104.294660663000059, -3.567385917999957, 0.0 ], [ 104.294564952000087, -3.567410689999974, 0.0 ], [ 104.294479797000065, -3.567423351999935, 0.0 ], [ 104.294409420000079, -3.567443552999976, 0.0 ], [ 104.29430874500008, -3.567477877999977, 0.0 ], [ 104.294237622000082, -3.567496304999963, 0.0 ], [ 104.294146676000082, -3.567499672999929, 0.0 ], [ 104.294095195000068, -3.567499632999954, 0.0 ], [ 104.294050162000076, -3.567496295999945, 0.0 ], [ 104.293905180000081, -3.567449053999951, 0.0 ], [ 104.293773205000036, -3.567359492999969, 0.0 ], [ 104.293697763000068, -3.567292401999964, 0.0 ], [ 104.293619855000088, -3.567211929999928, 0.0 ], [ 104.293557754000062, -3.567147200999955, 0.0 ], [ 104.293468294000036, -3.56709064699993, 0.0 ], [ 104.293371583000066, -3.567063125999937, 0.0 ], [ 104.29328225200004, -3.567050509999945, 0.0 ], [ 104.293213115000071, -3.567050456999937, 0.0 ], [ 104.293145311000046, -3.567061169999931, 0.0 ], [ 104.293029338000053, -3.567120794999937, 0.0 ], [ 104.292907762000084, -3.567219196999929, 0.0 ], [ 104.292832376000035, -3.567302508999944, 0.0 ], [ 104.292758602000049, -3.567380864999961, 0.0 ], [ 104.292684828000063, -3.567459220999979, 0.0 ], [ 104.292566209000086, -3.567585207999969, 0.0 ], [ 104.292467600000066, -3.567701068999952, 0.0 ], [ 104.292392936000056, -3.567788795999945, 0.0 ], [ 104.292304578000085, -3.567907612999932, 0.0 ], [ 104.292218694000042, -3.568023104999952, 0.0 ], [ 104.292157265000071, -3.568151643999954, 0.0 ], [ 104.292111882000086, -3.568246606999935, 0.0 ], [ 104.292066499000043, -3.568341569999973, 0.0 ], [ 104.292025731000081, -3.568442688999937, 0.0 ], [ 104.291984963000061, -3.568543807999959, 0.0 ], [ 104.291967105000083, -3.568655714999977, 0.0 ], [ 104.291954013000066, -3.568807346999961, 0.0 ], [ 104.29195505000007, -3.568901121999943, 0.0 ], [ 104.291985514000032, -3.569059011999968, 0.0 ], [ 104.292018603000088, -3.56915782699997, 0.0 ], [ 104.29205169100004, -3.56925664299996, 0.0 ], [ 104.292116760000056, -3.569366111999955, 0.0 ], [ 104.292181829000072, -3.569475581999939, 0.0 ], [ 104.292227598000068, -3.569543334999935, 0.0 ], [ 104.292242209000051, -3.569564963999937, 0.0 ], [ 104.292302590000077, -3.569654347999972, 0.0 ], [ 104.292332146000035, -3.569691877999958, 0.0 ], [ 104.292377084000066, -3.569748938999965, 0.0 ], [ 104.292451578000055, -3.569843529999957, 0.0 ], [ 104.292512141000088, -3.569926687999953, 0.0 ], [ 104.292572703000076, -3.570009845999948, 0.0 ], [ 104.292633265000063, -3.570093003999943, 0.0 ], [ 104.292707702000087, -3.57021495999993, 0.0 ], [ 104.292761343000052, -3.57032296899996, 0.0 ], [ 104.29278770600007, -3.570415278999974, 0.0 ], [ 104.292808835000073, -3.570548519999932, 0.0 ], [ 104.292809158000068, -3.570690871999943, 0.0 ], [ 104.292807766000067, -3.570809507999968, 0.0 ], [ 104.292806374000065, -3.570928144999925, 0.0 ], [ 104.292763797000077, -3.571081789999937, 0.0 ], [ 104.292706503000034, -3.57120538099997, 0.0 ], [ 104.292632327000035, -3.571318953999935, 0.0 ], [ 104.292565528000068, -3.571416854999939, 0.0 ], [ 104.292475351000064, -3.571485138999947, 0.0 ], [ 104.292370451000068, -3.571545568999966, 0.0 ], [ 104.292239549000044, -3.571605976999933, 0.0 ], [ 104.292088484000033, -3.571640257999945, 0.0 ], [ 104.291947021000055, -3.57167235999998, 0.0 ], [ 104.291848954000045, -3.571680293999975, 0.0 ], [ 104.291750887000035, -3.57168822899996, 0.0 ], [ 104.291619843000035, -3.571734850999974, 0.0 ], [ 104.291499067000075, -3.571798045999969, 0.0 ], [ 104.291386620000083, -3.571818226999937, 0.0 ], [ 104.291274173000033, -3.571838407999962, 0.0 ], [ 104.291152389000047, -3.571860264999941, 0.0 ], [ 104.291030604000071, -3.571882121999977, 0.0 ], [ 104.290926571000057, -3.571900792999941, 0.0 ], [ 104.290822537000054, -3.571919464999951, 0.0 ], [ 104.290648986000065, -3.571965966999926, 0.0 ], [ 104.290493637000054, -3.572007591999977, 0.0 ], [ 104.290393175000077, -3.572038474999943, 0.0 ], [ 104.290292714000088, -3.572069357999965, 0.0 ], [ 104.290158139000084, -3.572116990999973, 0.0 ], [ 104.290023069000085, -3.572187790999976, 0.0 ], [ 104.289921858000071, -3.572274682999932, 0.0 ], [ 104.28982693100005, -3.572409622999942, 0.0 ], [ 104.289726233000067, -3.57255276799998, 0.0 ], [ 104.289697423000064, -3.572594118999973, 0.0 ], [ 104.289657717000068, -3.572651109999981, 0.0 ], [ 104.289589199000034, -3.572749453999961, 0.0 ], [ 104.289534229000083, -3.572828352999977, 0.0 ], [ 104.289479258000085, -3.572907252999926, 0.0 ], [ 104.289412338000034, -3.573018069999932, 0.0 ], [ 104.289324868000051, -3.573162915999944, 0.0 ], [ 104.289256284000032, -3.573306965999961, 0.0 ], [ 104.289206579000052, -3.573411360999955, 0.0 ], [ 104.289169133000087, -3.573573314999976, 0.0 ], [ 104.289140742000086, -3.573696104999954, 0.0 ], [ 104.289126687000078, -3.573862899999938, 0.0 ], [ 104.289116245000059, -3.573986813999966, 0.0 ], [ 104.28911656300005, -3.574084280999955, 0.0 ], [ 104.289116880000051, -3.574181746999955, 0.0 ], [ 104.289117301000033, -3.574311168999941, 0.0 ], [ 104.289113893000035, -3.574481244999959, 0.0 ], [ 104.289106558000071, -3.574629570999946, 0.0 ], [ 104.289077592000069, -3.574760085999969, 0.0 ], [ 104.289021090000062, -3.57486089899993, 0.0 ], [ 104.288936376000038, -3.57495511299993, 0.0 ], [ 104.288845114000083, -3.575029528999949, 0.0 ], [ 104.288765033000061, -3.575076276999937, 0.0 ], [ 104.28868495100005, -3.575123024999925, 0.0 ], [ 104.28857742100007, -3.575184910999951, 0.0 ], [ 104.288453892000064, -3.575256005999961, 0.0 ], [ 104.28834919500008, -3.575305438999976, 0.0 ], [ 104.288244497000051, -3.575354872999981, 0.0 ], [ 104.28814079700004, -3.575403835999964, 0.0 ], [ 104.288037096000039, -3.575452798999947, 0.0 ], [ 104.287879288000056, -3.575505514999975, 0.0 ], [ 104.287786605000065, -3.575536475999968, 0.0 ], [ 104.287693922000074, -3.575567435999972, 0.0 ], [ 104.287568498000041, -3.575609332999932, 0.0 ], [ 104.287427092000087, -3.575632618999975, 0.0 ], [ 104.287324188000071, -3.575649563999946, 0.0 ], [ 104.287181993000047, -3.575672979999979, 0.0 ], [ 104.287072915000067, -3.575679396999931, 0.0 ], [ 104.286945726000056, -3.575686878999932, 0.0 ], [ 104.286818535000066, -3.575694361999979, 0.0 ], [ 104.286660102000042, -3.575703682999972, 0.0 ], [ 104.286560648000034, -3.575704970999936, 0.0 ], [ 104.286411722000082, -3.575716804999956, 0.0 ], [ 104.286322685000073, -3.575729015999968, 0.0 ], [ 104.286217137000051, -3.575743492999948, 0.0 ], [ 104.286060846000055, -3.575777837999965, 0.0 ], [ 104.285973014000035, -3.575793744999942, 0.0 ], [ 104.285889088000033, -3.575811671999929, 0.0 ], [ 104.28578916500004, -3.575825696999971, 0.0 ], [ 104.285687206000034, -3.575830927999959, 0.0 ], [ 104.285612207000042, -3.575830868999958, 0.0 ], [ 104.285551121000083, -3.575828206999972, 0.0 ], [ 104.285458955000081, -3.575813361999963, 0.0 ], [ 104.28539560300004, -3.575794704999964, 0.0 ], [ 104.285298775000058, -3.575746521999974, 0.0 ], [ 104.285196208000059, -3.575695482999947, 0.0 ], [ 104.28511396500005, -3.57565611299998, 0.0 ], [ 104.285043504000043, -3.575621699999942, 0.0 ], [ 104.284972349000043, -3.575598784999954, 0.0 ], [ 104.284885020000047, -3.575593668999943, 0.0 ], [ 104.284808631000033, -3.575597597999945, 0.0 ], [ 104.284742174000087, -3.575601444999961, 0.0 ], [ 104.284606541000073, -3.575642191999975, 0.0 ], [ 104.284509191000041, -3.575672004999944, 0.0 ], [ 104.284434734000058, -3.575687645999949, 0.0 ], [ 104.284418880000032, -3.575690975999976, 0.0 ], [ 104.284338213000069, -3.575697136999963, 0.0 ], [ 104.284266768000066, -3.575701106999929, 0.0 ], [ 104.284196722000047, -3.575699884999949, 0.0 ], [ 104.284044724000069, -3.575679411999943, 0.0 ], [ 104.283958701000074, -3.575672794999946, 0.0 ], [ 104.283897666000087, -3.575672746999942, 0.0 ], [ 104.283824951000042, -3.575676507999958, 0.0 ], [ 104.283747825000034, -3.575691825999968, 0.0 ], [ 104.283671593000065, -3.575715141999979, 0.0 ], [ 104.283586447000062, -3.575738169999966, 0.0 ], [ 104.283517619000065, -3.575745569999981, 0.0 ], [ 104.283500876000062, -3.575747917999934, 0.0 ], [ 104.283467926000071, -3.57575253899995, 0.0 ], [ 104.283445007000068, -3.575755753999942, 0.0 ], [ 104.283354126000063, -3.575767791999965, 0.0 ], [ 104.283280641000033, -3.575777525999968, 0.0 ], [ 104.28320903000008, -3.57579760699997, 0.0 ], [ 104.283150711000076, -3.575825567999971, 0.0 ], [ 104.283097038000051, -3.575864052999975, 0.0 ], [ 104.283032552000066, -3.575927633999925, 0.0 ], [ 104.282994047000045, -3.575992067999948, 0.0 ], [ 104.282968667000034, -3.57606108899995, 0.0 ], [ 104.282963347000077, -3.576097524999966, 0.0 ], [ 104.282957226000065, -3.576139446999946, 0.0 ], [ 104.282940753000048, -3.576274359999957, 0.0 ], [ 104.282931070000075, -3.576334656999961, 0.0 ], [ 104.282930728000053, -3.576336788999924, 0.0 ], [ 104.282907282000053, -3.576396774999978, 0.0 ], [ 104.282877737000035, -3.576472838999962, 0.0 ], [ 104.282844117000081, -3.576519970999925, 0.0 ], [ 104.282830320000073, -3.576538024999934, 0.0 ], [ 104.282794484000078, -3.576584919999959, 0.0 ], [ 104.282732294000084, -3.576659294999956, 0.0 ], [ 104.282616960000041, -3.576797041999953, 0.0 ], [ 104.282579443000088, -3.576853641999946, 0.0 ], [ 104.282551107000074, -3.576915496999959, 0.0 ], [ 104.282540152000081, -3.576954264999927, 0.0 ], [ 104.282530242000064, -3.576989333999961, 0.0 ], [ 104.282515802000034, -3.577068250999957, 0.0 ], [ 104.28251440300005, -3.577119532999973, 0.0 ], [ 104.282514359000061, -3.577175782999973, 0.0 ], [ 104.28252156700006, -3.577331808999929, 0.0 ], [ 104.282522466000046, -3.577337807999925, 0.0 ], [ 104.282527843000082, -3.577373714999965, 0.0 ], [ 104.28253453700006, -3.57741840999995, 0.0 ], [ 104.282551519000037, -3.577531799999974, 0.0 ], [ 104.282567829000072, -3.577583792999974, 0.0 ], [ 104.282598050000047, -3.577645537999956, 0.0 ], [ 104.282628027000044, -3.577697532999935, 0.0 ], [ 104.282656338000038, -3.57773928499995, 0.0 ], [ 104.282690582000043, -3.577781702999971, 0.0 ], [ 104.282716970000081, -3.577816542999926, 0.0 ], [ 104.282735216000049, -3.577856784999938, 0.0 ], [ 104.282749269000078, -3.577905166999926, 0.0 ], [ 104.282757019000087, -3.577954104999947, 0.0 ], [ 104.282756979000055, -3.578004491999934, 0.0 ], [ 104.282755777000034, -3.578045977999977, 0.0 ], [ 104.282751874000041, -3.57810946099994, 0.0 ], [ 104.282736669000087, -3.578165309999974, 0.0 ], [ 104.282715883000037, -3.578218166999932, 0.0 ], [ 104.28270025900008, -3.578257896999958, 0.0 ], [ 104.282659462000083, -3.578305827999941, 0.0 ], [ 104.282610633000047, -3.578357442999959, 0.0 ], [ 104.282541167000034, -3.578407893999952, 0.0 ], [ 104.282449593000081, -3.578466052999943, 0.0 ], [ 104.282352092000053, -3.578527318999932, 0.0 ], [ 104.282297107000034, -3.578563541999927, 0.0 ], [ 104.28224724100005, -3.578615129999946, 0.0 ], [ 104.282196600000077, -3.57869130499995, 0.0 ], [ 104.282154147000085, -3.578774433999968, 0.0 ], [ 104.282125030000088, -3.578855002999944, 0.0 ], [ 104.282093584000052, -3.578990283999929, 0.0 ], [ 104.282069755000066, -3.579101338999976, 0.0 ], [ 104.282046857000068, -3.579208062999953, 0.0 ], [ 104.282020087000035, -3.579269583999974, 0.0 ], [ 104.281979023000076, -3.579349238999953, 0.0 ], [ 104.281931128000053, -3.579414533999966, 0.0 ], [ 104.281864875000053, -3.579489184999943, 0.0 ], [ 104.281762922000041, -3.579567744999963, 0.0 ], [ 104.28167693100005, -3.579634989999931, 0.0 ], [ 104.28158847900005, -3.57969607299998, 0.0 ], [ 104.281538503000036, -3.579749134999929, 0.0 ], [ 104.281483067000067, -3.579821162999963, 0.0 ], [ 104.281431173000044, -3.579911168999956, 0.0 ], [ 104.281371352000065, -3.580005536999977, 0.0 ], [ 104.281322254000088, -3.580065718999947, 0.0 ], [ 104.281281178000086, -3.580102142999976, 0.0 ], [ 104.281244867000055, -3.580126665999956, 0.0 ], [ 104.281177304000039, -3.580161449999935, 0.0 ], [ 104.281114517000049, -3.580180921999954, 0.0 ], [ 104.280964212000072, -3.580191695999929, 0.0 ], [ 104.280884650000075, -3.580224434999934, 0.0 ], [ 104.280836706000059, -3.580272387999969, 0.0 ], [ 104.280799027000057, -3.58033986099997, 0.0 ], [ 104.28078387000005, -3.580392579999966, 0.0 ], [ 104.280781010000055, -3.58045754699998, 0.0 ], [ 104.280790263000085, -3.580541241999981, 0.0 ], [ 104.280813268000088, -3.580621436999934, 0.0 ], [ 104.280859535000047, -3.580714947999979, 0.0 ], [ 104.280890302000046, -3.580770642999937, 0.0 ], [ 104.280917244000079, -3.580834349999975, 0.0 ], [ 104.28093461900005, -3.580906307999953, 0.0 ], [ 104.280936042000064, -3.580986920999976, 0.0 ], [ 104.280854268000041, -3.581072975999973, 0.0 ], [ 104.280772494000075, -3.58115903199996, 0.0 ], [ 104.280682599000045, -3.581233483999938, 0.0 ], [ 104.280554740000071, -3.581313723999926, 0.0 ], [ 104.280426853000051, -3.581373490999965, 0.0 ], [ 104.280403450000051, -3.581381141999941, 0.0 ], [ 104.28033791200005, -3.58140256799993, 0.0 ], [ 104.280170900000087, -3.581433373999971, 0.0 ], [ 104.280063641000083, -3.581439114999966, 0.0 ], [ 104.27995638200008, -3.581444855999962, 0.0 ], [ 104.279883969000082, -3.581442048999975, 0.0 ], [ 104.279762929000071, -3.581426981999925, 0.0 ], [ 104.279618859000038, -3.581387354999947, 0.0 ], [ 104.279603565000059, -3.581380510999963, 0.0 ], [ 104.279528324000069, -3.581346841999959, 0.0 ], [ 104.279437790000088, -3.581306328999972, 0.0 ], [ 104.279317827000057, -3.581254380999951, 0.0 ], [ 104.279197865000071, -3.58120243299993, 0.0 ], [ 104.279069613000047, -3.581163161999939, 0.0 ], [ 104.278978468000048, -3.581143459999964, 0.0 ], [ 104.278887323000049, -3.581123756999943, 0.0 ], [ 104.278756915000088, -3.581102100999942, 0.0 ], [ 104.278626508000059, -3.58108044599993, 0.0 ], [ 104.278451290000078, -3.581070455999964, 0.0 ], [ 104.278427459000056, -3.581071001999931, 0.0 ], [ 104.278299884000035, -3.581073927999967, 0.0 ], [ 104.278187654000078, -3.581075982999948, 0.0 ], [ 104.27802894000007, -3.581087201999935, 0.0 ], [ 104.277854495000042, -3.581101265999962, 0.0 ], [ 104.277729005000083, -3.581124288999945, 0.0 ], [ 104.277587425000036, -3.581158940999956, 0.0 ], [ 104.277493445000061, -3.581188289999943, 0.0 ], [ 104.277399466000077, -3.581217637999941, 0.0 ], [ 104.277284491000046, -3.581265637999934, 0.0 ], [ 104.277194306000069, -3.581313207999926, 0.0 ], [ 104.277104121000036, -3.581360778999965, 0.0 ], [ 104.277073374000054, -3.581378510999969, 0.0 ], [ 104.277013986000043, -3.581412759999978, 0.0 ], [ 104.276923852000039, -3.581464740999934, 0.0 ], [ 104.276851358000044, -3.581495810999968, 0.0 ], [ 104.276770575000057, -3.581524025999954, 0.0 ], [ 104.276677999000071, -3.581538054999953, 0.0 ], [ 104.276581582000063, -3.581547603999979, 0.0 ], [ 104.276408804000084, -3.581571728999961, 0.0 ], [ 104.276339137000036, -3.58159242499994, 0.0 ], [ 104.276264450000042, -3.581619115999956, 0.0 ], [ 104.276187820000075, -3.581653548999952, 0.0 ], [ 104.276131187000033, -3.581678516999943, 0.0 ], [ 104.276052820000075, -3.581714621999936, 0.0 ], [ 104.275925597000082, -3.581774985999971, 0.0 ], [ 104.275861921000057, -3.581801729999938, 0.0 ], [ 104.275803536000069, -3.581811272999971, 0.0 ], [ 104.275743136000074, -3.581815946999939, 0.0 ], [ 104.275639111000032, -3.581814769999937, 0.0 ], [ 104.275541632000056, -3.581823244999953, 0.0 ], [ 104.27544415400007, -3.581831720999958, 0.0 ], [ 104.27532867900004, -3.581849585999976, 0.0 ], [ 104.275239068000076, -3.58187090499996, 0.0 ], [ 104.275149458000044, -3.581892223999944, 0.0 ], [ 104.275010792000046, -3.581941117999975, 0.0 ], [ 104.274906090000059, -3.581977136999967, 0.0 ], [ 104.274815110000077, -3.581999418999942, 0.0 ], [ 104.274712483000087, -3.582017012999927, 0.0 ], [ 104.274622158000057, -3.582033058999968, 0.0 ], [ 104.274531836000051, -3.582049104999953, 0.0 ], [ 104.274441511000077, -3.582065149999949, 0.0 ], [ 104.274332012000059, -3.58208652999997, 0.0 ], [ 104.274227986000085, -3.582108184999925, 0.0 ], [ 104.274119540000072, -3.582144035999931, 0.0 ], [ 104.274008916000071, -3.582219668999926, 0.0 ], [ 104.273978895000084, -3.582213655999965, 0.0 ], [ 104.273971433000042, -3.582212161999962, 0.0 ], [ 104.267121857000063, -3.580840352999928, 0.0 ], [ 104.265895470000032, -3.580594729999973, 0.0 ], [ 104.264149339000085, -3.580245011999978, 0.0 ], [ 104.263075771000047, -3.580029992999926, 0.0 ], [ 104.262218938000046, -3.579858379999962, 0.0 ], [ 104.257888548000039, -3.57899105499996, 0.0 ], [ 104.256375686000069, -3.578688041999953, 0.0 ], [ 104.255791118000047, -3.578570956999954, 0.0 ] ] ], [ [ [ 104.144260129000088, -3.498285387999942, 0.0 ], [ 104.144388506000041, -3.498083080999947, 0.0 ], [ 104.144517068000084, -3.497678353999959, 0.0 ], [ 104.144627165000088, -3.497439226999973, 0.0 ], [ 104.144773905000079, -3.497181730999955, 0.0 ], [ 104.144783571000062, -3.496620477999954, 0.0 ], [ 104.144747178000046, -3.496362811999973, 0.0 ], [ 104.144747462000055, -3.496049978999963, 0.0 ], [ 104.14461951800007, -3.495773827999926, 0.0 ], [ 104.144509804000052, -3.495589707999954, 0.0 ], [ 104.144491606000088, -3.49546087799996, 0.0 ], [ 104.144143885000062, -3.495202929999948, 0.0 ], [ 104.143905961000087, -3.49503709399994, 0.0 ], [ 104.14359470100004, -3.494963200999962, 0.0 ], [ 104.143320115000051, -3.494834133999973, 0.0 ], [ 104.143008971000086, -3.494631425999955, 0.0 ], [ 104.142844284000034, -3.494484058999944, 0.0 ], [ 104.142810241000063, -3.494420061999961, 0.0 ], [ 104.142687841000054, -3.494189970999969, 0.0 ], [ 104.142570051000064, -3.493968548999931, 0.0 ], [ 104.142533677000074, -3.493692483999951, 0.0 ], [ 104.142607346000034, -3.49323249899993, 0.0 ], [ 104.142790965000074, -3.492699006999942, 0.0 ], [ 104.143194625000035, -3.491852879999954, 0.0 ], [ 104.143607418000045, -3.491034364999962, 0.0 ], [ 104.143369795000069, -3.490537290999953, 0.0 ], [ 104.143003929000088, -3.490095305999944, 0.0 ], [ 104.143004541000039, -3.490095108999981, 0.0 ], [ 104.14379923100006, -3.489839773999961, 0.0 ], [ 104.144781323000075, -3.489524225999958, 0.0 ], [ 104.144795495000039, -3.489519670999925, 0.0 ], [ 104.144942101000083, -3.48947256699995, 0.0 ], [ 104.144945704000065, -3.489471408999975, 0.0 ], [ 104.147034118000079, -3.48870042599998, 0.0 ], [ 104.148719522000079, -3.488057882999954, 0.0 ], [ 104.15088161500006, -3.486808499999938, 0.0 ], [ 104.151990170000033, -3.486137824999958, 0.0 ], [ 104.152796415000068, -3.485623293999936, 0.0 ], [ 104.153401130000077, -3.485200590999966, 0.0 ], [ 104.154445513000042, -3.484612664999929, 0.0 ], [ 104.155123463000052, -3.484208427999931, 0.0 ], [ 104.156149595000045, -3.483546873999956, 0.0 ], [ 104.157157447000088, -3.482848497999953, 0.0 ], [ 104.158201954000049, -3.482113347999928, 0.0 ], [ 104.159054083000058, -3.481479236999974, 0.0 ], [ 104.159493779000059, -3.481277206999948, 0.0 ], [ 104.160226682000086, -3.480854612999963, 0.0 ], [ 104.161107998000034, -3.480416495999975, 0.0 ], [ 104.16204173400007, -3.479909233999933, 0.0 ], [ 104.163127663000068, -3.479324462999955, 0.0 ], [ 104.164756562000036, -3.478437205999967, 0.0 ], [ 104.165983155000049, -3.477892950999944, 0.0 ], [ 104.166281115000061, -3.477704801999948, 0.0 ], [ 104.166341431000035, -3.477635447999944, 0.0 ], [ 104.16688720500008, -3.477316178999956, 0.0 ], [ 104.169115638000051, -3.476176180999971, 0.0 ], [ 104.170639253000047, -3.475286787999949, 0.0 ], [ 104.173140673000034, -3.473861524999961, 0.0 ], [ 104.175869226000088, -3.472607747999973, 0.0 ], [ 104.178200119000053, -3.471239416999936, 0.0 ], [ 104.180189678000033, -3.470327571999974, 0.0 ], [ 104.182179285000075, -3.469358621999959, 0.0 ], [ 104.183714214000076, -3.468503471999952, 0.0 ], [ 104.185988119000058, -3.467306362999977, 0.0 ], [ 104.187466416000063, -3.466222760999926, 0.0 ], [ 104.188944223000078, -3.465710142999967, 0.0 ], [ 104.189967406000051, -3.46525423099996, 0.0 ], [ 104.191103892000058, -3.465198107999925, 0.0 ], [ 104.192183508000085, -3.46519903199993, 0.0 ], [ 104.193490122000071, -3.465542744999937, 0.0 ], [ 104.194853801000079, -3.465601008999954, 0.0 ], [ 104.196047255000053, -3.465373630999977, 0.0 ], [ 104.197240805000035, -3.465032053999948, 0.0 ], [ 104.198263698000062, -3.464918725999951, 0.0 ], [ 104.199854664000043, -3.464977174999945, 0.0 ], [ 104.201530555000033, -3.465406838999968, 0.0 ], [ 104.203575384000032, -3.466322151999975, 0.0 ], [ 104.205052236000085, -3.46695148799995, 0.0 ], [ 104.20579082900008, -3.467066308999961, 0.0 ], [ 104.207268112000065, -3.467181749999952, 0.0 ], [ 104.208688763000055, -3.467068745999939, 0.0 ], [ 104.209739938000041, -3.46699138799994, 0.0 ], [ 104.210223057000064, -3.466955834999965, 0.0 ], [ 104.210620718000087, -3.467070363999937, 0.0 ], [ 104.211870526000041, -3.467414004999966, 0.0 ], [ 104.212595031000035, -3.467796129999954, 0.0 ], [ 104.213063275000081, -3.468043093999938, 0.0 ], [ 104.213689875000057, -3.468317476999971, 0.0 ], [ 104.214369718000057, -3.468615175999958, 0.0 ], [ 104.215846584000076, -3.469244496999977, 0.0 ], [ 104.217493872000034, -3.469931057999929, 0.0 ], [ 104.218629901000043, -3.470445892999976, 0.0 ], [ 104.219566841000074, -3.471217510999963, 0.0 ], [ 104.220702403000075, -3.472303337999961, 0.0 ], [ 104.221724418000065, -3.473274871999934, 0.0 ], [ 104.221888229000058, -3.473501599999963, 0.0 ], [ 104.222632556000065, -3.474531807999938, 0.0 ], [ 104.223370646000035, -3.475274707999972, 0.0 ], [ 104.223824249000074, -3.476474168999971, 0.0 ], [ 104.223993832000076, -3.477559196999948, 0.0 ], [ 104.224146379000047, -3.47813042599995, 0.0 ], [ 104.224390380000045, -3.479044105999947, 0.0 ], [ 104.224467339000057, -3.479588630999956, 0.0 ], [ 104.224842445000036, -3.482127843999933, 0.0 ], [ 104.223250409000059, -3.483325614999956, 0.0 ], [ 104.221903573000077, -3.48424427599997, 0.0 ], [ 104.220634103000066, -3.484405746999926, 0.0 ], [ 104.21945230700004, -3.484505823999939, 0.0 ], [ 104.218572205000044, -3.484631414999967, 0.0 ], [ 104.218245265000064, -3.484732201999975, 0.0 ], [ 104.217641879000041, -3.484681168999941, 0.0 ], [ 104.216963148000048, -3.484529013999975, 0.0 ], [ 104.21623386300007, -3.484705257999963, 0.0 ], [ 104.215730796000059, -3.484957486999974, 0.0 ], [ 104.214548874000059, -3.485209145999931, 0.0 ], [ 104.213291253000079, -3.485789182999952, 0.0 ], [ 104.212033566000059, -3.486445011999933, 0.0 ], [ 104.211077654000064, -3.487025298999924, 0.0 ], [ 104.210423477000063, -3.487580572999946, 0.0 ], [ 104.210247288000062, -3.487807807999957, 0.0 ], [ 104.210121215000072, -3.488237202999926, 0.0 ], [ 104.209793873000081, -3.488818017999961, 0.0 ], [ 104.209642593000069, -3.489323185999979, 0.0 ], [ 104.209264857000051, -3.490030281999964, 0.0 ], [ 104.20913855200007, -3.490737589999981, 0.0 ], [ 104.208886383000049, -3.491621643999963, 0.0 ], [ 104.208533537000051, -3.492631936999942, 0.0 ], [ 104.208256350000056, -3.493364380999935, 0.0 ], [ 104.20777767900006, -3.494500891999962, 0.0 ], [ 104.207520091000049, -3.495074788999943, 0.0 ], [ 104.207301590000043, -3.495103238999945, 0.0 ], [ 104.206103442000085, -3.495482315999936, 0.0 ], [ 104.205141704000084, -3.49578659499997, 0.0 ], [ 104.203833888000077, -3.496813264999957, 0.0 ], [ 104.197899719000077, -3.501433186999975, 0.0 ], [ 104.194854010000086, -3.506382465999934, 0.0 ], [ 104.193997404000072, -3.509713710999961, 0.0 ], [ 104.19493913000008, -3.513753855999937, 0.0 ], [ 104.194954812000049, -3.513821132999965, 0.0 ], [ 104.195000046000075, -3.514840421999963, 0.0 ], [ 104.19504063800008, -3.515065531999937, 0.0 ], [ 104.195102037000083, -3.51537794099994, 0.0 ], [ 104.195130820000088, -3.515570183999955, 0.0 ], [ 104.195214048000082, -3.516112136999936, 0.0 ], [ 104.195291663000035, -3.516594016999932, 0.0 ], [ 104.195276101000047, -3.517130192999957, 0.0 ], [ 104.195263896000085, -3.517419143999973, 0.0 ], [ 104.195259345000068, -3.517591755999945, 0.0 ], [ 104.195275847000062, -3.518160207999927, 0.0 ], [ 104.195294231000048, -3.518735615999958, 0.0 ], [ 104.195303953000064, -3.519140294999943, 0.0 ], [ 104.19531861300004, -3.519655, 0.0 ], [ 104.195322473000033, -3.519694193999953, 0.0 ], [ 104.195281769000076, -3.520058373999973, 0.0 ], [ 104.19523287800007, -3.520568596999965, 0.0 ], [ 104.195197341000039, -3.520915066999976, 0.0 ], [ 104.195194829000059, -3.520996039999943, 0.0 ], [ 104.195187180000062, -3.521023812999942, 0.0 ], [ 104.195192030000044, -3.521030089999954, 0.0 ], [ 104.195190904000071, -3.521083251999926, 0.0 ], [ 104.195187570000087, -3.521302656999978, 0.0 ], [ 104.195185477000052, -3.521539766999979, 0.0 ], [ 104.195182106000061, -3.521802168999955, 0.0 ], [ 104.19518002600006, -3.522026632999939, 0.0 ], [ 104.195177932000036, -3.522266272999957, 0.0 ], [ 104.195173307000061, -3.522522349999974, 0.0 ], [ 104.195169941000074, -3.52277842899997, 0.0 ], [ 104.195167824000066, -3.523045888999945, 0.0 ], [ 104.195164489000035, -3.523264028999961, 0.0 ], [ 104.195162375000052, -3.523527695999974, 0.0 ], [ 104.195159033000039, -3.52375342299996, 0.0 ], [ 104.19515565100005, -3.524028469999962, 0.0 ], [ 104.195151002000046, -3.524313632999963, 0.0 ], [ 104.195136324000032, -3.524550732999955, 0.0 ], [ 104.195117838000044, -3.524828295999953, 0.0 ], [ 104.195104448000052, -3.525032515999953, 0.0 ], [ 104.195091048000052, -3.525248118999968, 0.0 ], [ 104.195073824000076, -3.525519359999976, 0.0 ], [ 104.195057856000062, -3.525793131999933, 0.0 ], [ 104.195036817000073, -3.526109893999944, 0.0 ], [ 104.195018343000072, -3.526373547999981, 0.0 ], [ 104.194998557000076, -3.52669663599994, 0.0 ], [ 104.194982569000047, -3.526993169999969, 0.0 ], [ 104.19496029000004, -3.527288433999956, 0.0 ], [ 104.194959005000044, -3.52731128399995, 0.0 ], [ 104.194941758000084, -3.527617844999952, 0.0 ], [ 104.194927098000051, -3.527834710999969, 0.0 ], [ 104.194912400000078, -3.528097103999926, 0.0 ], [ 104.194892649000053, -3.528379722999944, 0.0 ], [ 104.194874132000052, -3.528691429999981, 0.0 ], [ 104.194853095000042, -3.529005664999943, 0.0 ], [ 104.194834581000066, -3.529312313999981, 0.0 ], [ 104.19481481300005, -3.529615166999974, 0.0 ], [ 104.194792922000033, -3.529861824999955, 0.0 ], [ 104.194890786000087, -3.529855708999946, 0.0 ], [ 104.193835162000084, -3.533022580999955, 0.0 ], [ 104.193735134000065, -3.533079856999962, 0.0 ], [ 104.193594107000081, -3.533160667999937, 0.0 ], [ 104.193486342000085, -3.533343308999974, 0.0 ], [ 104.193396852000035, -3.53349751199994, 0.0 ], [ 104.193315555000083, -3.533635913999944, 0.0 ], [ 104.193365801000084, -3.533748506999927, 0.0 ], [ 104.193409759000076, -3.533853506999947, 0.0 ], [ 104.193434252000088, -3.533909802999972, 0.0 ], [ 104.193463110000039, -3.534013524999978, 0.0 ], [ 104.19348244300005, -3.534080732999939, 0.0 ], [ 104.193499498000051, -3.534140015999981, 0.0 ], [ 104.193517059000044, -3.534208319999948, 0.0 ], [ 104.193562867000082, -3.534360743999969, 0.0 ], [ 104.193587955000055, -3.534455608999963, 0.0 ], [ 104.193618075000074, -3.534554274999948, 0.0 ], [ 104.193642551000039, -3.534630804999949, 0.0 ], [ 104.193707816000085, -3.534839520999981, 0.0 ], [ 104.193731673000059, -3.534902770999963, 0.0 ], [ 104.193787518000079, -3.53508934599995, 0.0 ], [ 104.193825170000082, -3.535210781999979, 0.0 ], [ 104.193829565000044, -3.535222798999939, 0.0 ], [ 104.193961511000055, -3.535456864999958, 0.0 ], [ 104.194452127000034, -3.536443045999931, 0.0 ], [ 104.194484784000053, -3.536517684999978, 0.0 ], [ 104.194610991000047, -3.536840900999948, 0.0 ], [ 104.194666716000086, -3.537167846999978, 0.0 ], [ 104.194708652000088, -3.537429022999959, 0.0 ], [ 104.194759343000044, -3.537753436999935, 0.0 ], [ 104.194807515000036, -3.538081641999952, 0.0 ], [ 104.19485319100005, -3.538384553999947, 0.0 ], [ 104.194869676000053, -3.538496628999951, 0.0 ], [ 104.195056366000074, -3.538529230999927, 0.0 ], [ 104.196575658000086, -3.538894694999954, 0.0 ], [ 104.196698548000086, -3.538924254999927, 0.0 ], [ 104.198127743000043, -3.539268045999961, 0.0 ], [ 104.197686781000073, -3.539320344999965, 0.0 ], [ 104.197355555000058, -3.539496266999947, 0.0 ], [ 104.196736027000043, -3.539825311999948, 0.0 ], [ 104.196462625000038, -3.540088700999945, 0.0 ], [ 104.19598667300005, -3.54054722199993, 0.0 ], [ 104.195920853000075, -3.54074096599993, 0.0 ], [ 104.195787186000075, -3.541134413999941, 0.0 ], [ 104.195495867000034, -3.541991911999958, 0.0 ], [ 104.195435300000042, -3.542713780999975, 0.0 ], [ 104.195423123000069, -3.542858922999926, 0.0 ], [ 104.195492036000076, -3.543150000999958, 0.0 ], [ 104.195496898000044, -3.54317053799997, 0.0 ], [ 104.195796129000087, -3.544434430999956, 0.0 ], [ 104.196027718000039, -3.545375491999948, 0.0 ], [ 104.196048429000086, -3.545459649999941, 0.0 ], [ 104.196109222000075, -3.545706681999945, 0.0 ], [ 104.196100458000046, -3.546255797999947, 0.0 ], [ 104.196099871000058, -3.546292561999962, 0.0 ], [ 104.196081869000068, -3.547420430999978, 0.0 ], [ 104.19608037100005, -3.547514279999973, 0.0 ], [ 104.196078776000036, -3.547614214999953, 0.0 ], [ 104.195873418000076, -3.548405277999962, 0.0 ], [ 104.195688708000034, -3.549116800999968, 0.0 ], [ 104.195617052000046, -3.549595782999972, 0.0 ], [ 104.195589618000042, -3.549779162999926, 0.0 ], [ 104.195570754000073, -3.549778535999963, 0.0 ], [ 104.195405473000051, -3.549783131999959, 0.0 ], [ 104.195098501000075, -3.549820796999938, 0.0 ], [ 104.194706490000044, -3.549901065999961, 0.0 ], [ 104.194493938000051, -3.549962520999941, 0.0 ], [ 104.194394720000048, -3.550024076999932, 0.0 ], [ 104.194323814000086, -3.550109366999948, 0.0 ], [ 104.194281257000057, -3.550175712999931, 0.0 ], [ 104.194281187000058, -3.550256323999974, 0.0 ], [ 104.194279952000045, -3.550408468999933, 0.0 ], [ 104.19431039400007, -3.550495713999965, 0.0 ], [ 104.194369018000032, -3.550568839999926, 0.0 ], [ 104.194469906000052, -3.550632571999927, 0.0 ], [ 104.19450667600006, -3.550648434999971, 0.0 ], [ 104.194552039000087, -3.550668003999931, 0.0 ], [ 104.194645917000059, -3.550694015999966, 0.0 ], [ 104.194866546000071, -3.55073899599995, 0.0 ], [ 104.195103599000049, -3.550791062999963, 0.0 ], [ 104.195235018000062, -3.550840679999965, 0.0 ], [ 104.195331191000037, -3.550930340999969, 0.0 ], [ 104.195403862000035, -3.551045908999924, 0.0 ], [ 104.195422565000058, -3.551135500999976, 0.0 ], [ 104.195415419000085, -3.551255713999979, 0.0 ], [ 104.195384824000087, -3.551345262999973, 0.0 ], [ 104.195330766000041, -3.551420647999976, 0.0 ], [ 104.195199261000084, -3.551470034999966, 0.0 ], [ 104.195088911000084, -3.551488796999934, 0.0 ], [ 104.19502106200008, -3.551492865999933, 0.0 ], [ 104.194933967000054, -3.551498088999949, 0.0 ], [ 104.194727420000049, -3.551455479999959, 0.0 ], [ 104.194572527000048, -3.551405839999973, 0.0 ], [ 104.194476337000083, -3.55133739799993, 0.0 ], [ 104.194391856000038, -3.551304320999975, 0.0 ], [ 104.194290932000058, -3.551280660999964, 0.0 ], [ 104.194216108000035, -3.551276449999932, 0.0 ], [ 104.194155348000038, -3.551283876999946, 0.0 ], [ 104.194059057000061, -3.551290122999944, 0.0 ], [ 104.19397022000004, -3.551292347999947, 0.0 ], [ 104.193893423000077, -3.551289977999943, 0.0 ], [ 104.193815486000062, -3.551281853999967, 0.0 ], [ 104.193753604000051, -3.551264533999927, 0.0 ], [ 104.193727164000052, -3.551247069999931, 0.0 ], [ 104.19370887000008, -3.551219343999946, 0.0 ], [ 104.193665306000071, -3.551156073999948, 0.0 ], [ 104.193617258000074, -3.551050264999958, 0.0 ], [ 104.193590363000055, -3.550960178999958, 0.0 ], [ 104.193544379000059, -3.550894717999938, 0.0 ], [ 104.193498819000069, -3.550838093999971, 0.0 ], [ 104.193441920000055, -3.550795147999963, 0.0 ], [ 104.19336598600006, -3.550767571999927, 0.0 ], [ 104.193303392000075, -3.550762207999981, 0.0 ], [ 104.193195414000058, -3.550798739999948, 0.0 ], [ 104.19316335700006, -3.550858768999944, 0.0 ], [ 104.193141982000043, -3.550964353999973, 0.0 ], [ 104.193130491000034, -3.551091802999963, 0.0 ], [ 104.193132845000036, -3.551202248999971, 0.0 ], [ 104.193104263000066, -3.55128089699997, 0.0 ], [ 104.193045931000086, -3.551334714999939, 0.0 ], [ 104.192994076000048, -3.551352779999945, 0.0 ], [ 104.192988700000058, -3.551353044999928, 0.0 ], [ 104.192901089000088, -3.55135736699998, 0.0 ], [ 104.192783796000072, -3.551327447999938, 0.0 ], [ 104.192721822000067, -3.551271877999966, 0.0 ], [ 104.192682514000069, -3.551221745999953, 0.0 ], [ 104.19261739600006, -3.551137596999979, 0.0 ], [ 104.192556421000063, -3.551062460999958, 0.0 ], [ 104.192493361000061, -3.551013112999954, 0.0 ], [ 104.192390670000066, -3.550954359999935, 0.0 ], [ 104.192267412000035, -3.550909907999937, 0.0 ], [ 104.192189435000046, -3.550891538999963, 0.0 ], [ 104.192043268000077, -3.550874983999961, 0.0 ], [ 104.191836573000046, -3.550858382999934, 0.0 ], [ 104.191695588000073, -3.550844535999943, 0.0 ], [ 104.191506909000054, -3.550837558999945, 0.0 ], [ 104.191370089000088, -3.55081906199996, 0.0 ], [ 104.191332394000085, -3.550819028999967, 0.0 ], [ 104.191282262000072, -3.550818984999978, 0.0 ], [ 104.191138520000038, -3.55084691899998, 0.0 ], [ 104.191074627000035, -3.550866906999943, 0.0 ], [ 104.19098596300006, -3.550903472999948, 0.0 ], [ 104.190875436000056, -3.550993742999935, 0.0 ], [ 104.190809895000086, -3.551096376999965, 0.0 ], [ 104.19069102900005, -3.551367375999973, 0.0 ], [ 104.190641828000082, -3.551498777999939, 0.0 ], [ 104.190551736000032, -3.551609605999943, 0.0 ], [ 104.190453496000032, -3.551683455999978, 0.0 ], [ 104.190310274000069, -3.55173672899997, 0.0 ], [ 104.190195724000034, -3.551748949999933, 0.0 ], [ 104.190097555000079, -3.551740649999942, 0.0 ], [ 104.190036229000043, -3.551699518999953, 0.0 ], [ 104.189999466000074, -3.551637872999947, 0.0 ], [ 104.189975005000065, -3.551543375999927, 0.0 ], [ 104.189975209000067, -3.551309239999966, 0.0 ], [ 104.18999993500006, -3.55109977199993, 0.0 ], [ 104.190057387000081, -3.550890332999927, 0.0 ], [ 104.190073221000034, -3.550808042999961, 0.0 ], [ 104.190077933000055, -3.550783552999974, 0.0 ], [ 104.190061630000059, -3.550717815999974, 0.0 ], [ 104.190020746000073, -3.550689026999976, 0.0 ], [ 104.189889851000032, -3.550680697999951, 0.0 ], [ 104.189750751000076, -3.550701112999946, 0.0 ], [ 104.189701527000068, -3.550727888999972, 0.0 ], [ 104.189638372000047, -3.550762242999951, 0.0 ], [ 104.189548155000068, -3.550822109999956, 0.0 ], [ 104.189437613000052, -3.550930864999941, 0.0 ], [ 104.189316716000064, -3.551185430999965, 0.0 ], [ 104.18923888900008, -3.551304484999946, 0.0 ], [ 104.189196151000033, -3.551330998999958, 0.0 ], [ 104.189066987000047, -3.551411130999952, 0.0 ], [ 104.188907433000054, -3.551429475999953, 0.0 ], [ 104.188780673000053, -3.551369803999933, 0.0 ], [ 104.188727601000039, -3.551248581999971, 0.0 ], [ 104.188711377000061, -3.551090422999948, 0.0 ], [ 104.188731927000049, -3.550979534999954, 0.0 ], [ 104.188787261000073, -3.550854300999958, 0.0 ], [ 104.188883558000043, -3.550694826999973, 0.0 ], [ 104.18888362000007, -3.550694723999925, 0.0 ], [ 104.188883640000086, -3.550694689999943, 0.0 ], [ 104.18888366200008, -3.550694652999937, 0.0 ], [ 104.188883692000047, -3.550694602999954, 0.0 ], [ 104.188909881000086, -3.550650859999962, 0.0 ], [ 104.18894391200007, -3.550594019999949, 0.0 ], [ 104.188961367000047, -3.550564864999956, 0.0 ], [ 104.189026889000047, -3.550482770999963, 0.0 ], [ 104.189051582000047, -3.550314379999975, 0.0 ], [ 104.189055837000069, -3.550125432999948, 0.0 ], [ 104.189019149000046, -3.549977524999974, 0.0 ], [ 104.188945600000068, -3.549882983999964, 0.0 ], [ 104.188839284000039, -3.549833598999953, 0.0 ], [ 104.188682346000064, -3.549829794999937, 0.0 ], [ 104.188663390000045, -3.549829335999959, 0.0 ], [ 104.188536567000085, -3.549841547999961, 0.0 ], [ 104.188426089000075, -3.54987431099994, 0.0 ], [ 104.188336003000074, -3.549981030999959, 0.0 ], [ 104.188254087000075, -3.550095970999962, 0.0 ], [ 104.188098401000047, -3.550371046999942, 0.0 ], [ 104.187938713000051, -3.550543424999944, 0.0 ], [ 104.187832257000082, -3.550658346999967, 0.0 ], [ 104.187431088000039, -3.550978387999976, 0.0 ], [ 104.187295999000071, -3.551089173999969, 0.0 ], [ 104.187099424000053, -3.551343672999963, 0.0 ], [ 104.186992901000053, -3.551532530999964, 0.0 ], [ 104.186951850000071, -3.551696798999956, 0.0 ], [ 104.186947649000047, -3.551824132999968, 0.0 ], [ 104.186953781000057, -3.551954312999953, 0.0 ], [ 104.186963711000033, -3.552165079999952, 0.0 ], [ 104.186994533000075, -3.55229217699997, 0.0 ], [ 104.187008548000051, -3.552349963999973, 0.0 ], [ 104.187016654000047, -3.552436230999945, 0.0 ], [ 104.187008404000039, -3.552514267999925, 0.0 ], [ 104.186979718000032, -3.55257174999997, 0.0 ], [ 104.186899220000043, -3.552628961999972, 0.0 ], [ 104.186764922000066, -3.55267573499998, 0.0 ], [ 104.186624811000058, -3.552693194999961, 0.0 ], [ 104.186496344000034, -3.552745835999929, 0.0 ], [ 104.186309520000066, -3.552780837999933, 0.0 ], [ 104.186239473000057, -3.552780776999953, 0.0 ], [ 104.18618695300006, -3.552763146999951, 0.0 ], [ 104.186140296000076, -3.55271621199995, 0.0 ], [ 104.186134530000061, -3.552634147999925, 0.0 ], [ 104.186117095000043, -3.552546210999935, 0.0 ], [ 104.186111445000051, -3.552335192999976, 0.0 ], [ 104.186103417000083, -3.552130553999973, 0.0 ], [ 104.186114221000082, -3.551828938999961, 0.0 ], [ 104.186135533000083, -3.551564371999973, 0.0 ], [ 104.186172598000041, -3.55136332099994, 0.0 ], [ 104.18625181200008, -3.551172889999975, 0.0 ], [ 104.186360671000045, -3.55101762399994, 0.0 ], [ 104.186366224000039, -3.551009702999977, 0.0 ], [ 104.186388999000087, -3.550977218999947, 0.0 ], [ 104.186498044000075, -3.550860375999946, 0.0 ], [ 104.186541968000085, -3.550813310999956, 0.0 ], [ 104.186721274000035, -3.55066530299996, 0.0 ], [ 104.186837317000084, -3.550543696999966, 0.0 ], [ 104.186895370000059, -3.550448496999934, 0.0 ], [ 104.186869149000074, -3.55030030599994, 0.0 ], [ 104.186774360000072, -3.550220846999935, 0.0 ], [ 104.18664790400004, -3.550199568999972, 0.0 ], [ 104.186442365000062, -3.550215263999974, 0.0 ], [ 104.186361375000047, -3.55021353199993, 0.0 ], [ 104.186184147000063, -3.550209742999925, 0.0 ], [ 104.185941786000058, -3.550151319999941, 0.0 ], [ 104.185762726000064, -3.550018869999974, 0.0 ], [ 104.185610030000078, -3.54987056799996, 0.0 ], [ 104.185452051000084, -3.549738134999927, 0.0 ], [ 104.185309797000059, -3.549700967999968, 0.0 ], [ 104.185151684000061, -3.54972199599996, 0.0 ], [ 104.185035676000041, -3.549801267999953, 0.0 ], [ 104.184982905000084, -3.549885886999959, 0.0 ], [ 104.184982770000033, -3.550039345999949, 0.0 ], [ 104.185003765000033, -3.550134616999969, 0.0 ], [ 104.185051078000072, -3.550266948999933, 0.0 ], [ 104.185045697000078, -3.550393944999939, 0.0 ], [ 104.185003496000036, -3.550441532999969, 0.0 ], [ 104.184929695000051, -3.550467925999953, 0.0 ], [ 104.184813762000033, -3.550462530999937, 0.0 ], [ 104.184587220000083, -3.55039353899997, 0.0 ], [ 104.184445014000062, -3.550303455999938, 0.0 ], [ 104.184381845000075, -3.550224022999942, 0.0 ], [ 104.184360871000081, -3.550102294999931, 0.0 ], [ 104.184387333000075, -3.549975318999941, 0.0 ], [ 104.184461222000039, -3.549848384999962, 0.0 ], [ 104.184492963000082, -3.549710827999945, 0.0 ], [ 104.184482510000066, -3.549610276999942, 0.0 ], [ 104.184419332000061, -3.54954142899993, 0.0 ], [ 104.184324479000054, -3.54953605299994, 0.0 ], [ 104.184176923000052, -3.549535921999961, 0.0 ], [ 104.184158570000079, -3.549540399999955, 0.0 ], [ 104.183960815000034, -3.54958864699995, 0.0 ], [ 104.183702448000076, -3.549752461999958, 0.0 ], [ 104.183544264000034, -3.549852863999945, 0.0 ], [ 104.183459864000042, -3.549948037999968, 0.0 ], [ 104.183417607000081, -3.550059125999951, 0.0 ], [ 104.183364689000086, -3.55030778899993, 0.0 ], [ 104.183338138000067, -3.550540599999977, 0.0 ], [ 104.183290605000082, -3.550656974999924, 0.0 ], [ 104.183243130000051, -3.550709848999929, 0.0 ], [ 104.183153524000033, -3.550730935999979, 0.0 ], [ 104.183021777000079, -3.550730818999966, 0.0 ], [ 104.182868970000072, -3.550709516999973, 0.0 ], [ 104.182721456000081, -3.550661760999958, 0.0 ], [ 104.182468560000075, -3.550598036999929, 0.0 ], [ 104.182231460000082, -3.550550200999965, 0.0 ], [ 104.182068153000046, -3.550481263999927, 0.0 ], [ 104.181853490000037, -3.550322048999931, 0.0 ], [ 104.181690186000083, -3.55024825199996, 0.0 ], [ 104.181573520000086, -3.550218015999974, 0.0 ], [ 104.181529960000034, -3.550215403999971, 0.0 ], [ 104.181346817000076, -3.550204423999958, 0.0 ], [ 104.180853382000066, -3.550197287999936, 0.0 ], [ 104.180539989000067, -3.550186966999945, 0.0 ], [ 104.180259971000055, -3.550139847999958, 0.0 ], [ 104.18012329700008, -3.550112942999931, 0.0 ], [ 104.179829918000053, -3.550092594999967, 0.0 ], [ 104.179573190000042, -3.550099060999969, 0.0 ], [ 104.179443163000087, -3.550098944999945, 0.0 ], [ 104.179274926000062, -3.550050972999941, 0.0 ], [ 104.179266501000086, -3.550048570999934, 0.0 ], [ 104.179143197000087, -3.54998484999993, 0.0 ], [ 104.179089909000083, -3.549921192999932, 0.0 ], [ 104.178970089000074, -3.549686735999956, 0.0 ], [ 104.178820306000034, -3.549405380999929, 0.0 ], [ 104.178783715000066, -3.549311607999925, 0.0 ], [ 104.178773772000056, -3.549244640999973, 0.0 ], [ 104.178790485000036, -3.549194438999962, 0.0 ], [ 104.178833857000086, -3.549160997999934, 0.0 ], [ 104.178900551000083, -3.549147666999943, 0.0 ], [ 104.178993895000076, -3.549157793999939, 0.0 ], [ 104.179110553000044, -3.549198070999978, 0.0 ], [ 104.179233859000078, -3.549258443999975, 0.0 ], [ 104.179275604000054, -3.549283066999976, 0.0 ], [ 104.179427134000036, -3.549372441999935, 0.0 ], [ 104.179623770000035, -3.549452967999969, 0.0 ], [ 104.179760456000054, -3.549466479999978, 0.0 ], [ 104.179843813000048, -3.549459858999967, 0.0 ], [ 104.179917185000079, -3.549433141999941, 0.0 ], [ 104.179953907000083, -3.549379607999981, 0.0 ], [ 104.179977292000046, -3.549326061999977, 0.0 ], [ 104.179984019000074, -3.549259111999959, 0.0 ], [ 104.179950766000047, -3.549161992999927, 0.0 ], [ 104.179857608000077, -3.549050354999963, 0.0 ], [ 104.179762642000071, -3.548961647999931, 0.0 ], [ 104.179586203000042, -3.548879686999953, 0.0 ], [ 104.179484411000033, -3.548831876999941, 0.0 ], [ 104.17932829700004, -3.548797651999962, 0.0 ], [ 104.179276035000044, -3.548794425999972, 0.0 ], [ 104.179104273000064, -3.548783819999926, 0.0 ], [ 104.178839500000038, -3.548790398999927, 0.0 ], [ 104.178707022000083, -3.548798725999973, 0.0 ], [ 104.178411777000065, -3.548817284999927, 0.0 ], [ 104.178235266000058, -3.548817127999939, 0.0 ], [ 104.178119890000062, -3.548776122999925, 0.0 ], [ 104.178024924000056, -3.54868741699994, 0.0 ], [ 104.177930441000058, -3.548573981999937, 0.0 ], [ 104.17785112100006, -3.548406714999942, 0.0 ], [ 104.177809627000045, -3.548258483999973, 0.0 ], [ 104.177775838000059, -3.547954463999929, 0.0 ], [ 104.177768422000042, -3.547779661999925, 0.0 ], [ 104.177791331000037, -3.547551688999931, 0.0 ], [ 104.177867128000059, -3.547422561999952, 0.0 ], [ 104.177980734000073, -3.547331466999935, 0.0 ], [ 104.177981246000058, -3.547330509999938, 0.0 ], [ 104.178016785000068, -3.547264144999929, 0.0 ], [ 104.178021362000038, -3.547255598999925, 0.0 ], [ 104.178064124000059, -3.547175745999937, 0.0 ], [ 104.178090712000085, -3.54706557399993, 0.0 ], [ 104.178109721000055, -3.546962991999976, 0.0 ], [ 104.178090890000078, -3.546864178999954, 0.0 ], [ 104.17803796700008, -3.546799533999945, 0.0 ], [ 104.177958531000058, -3.546765264999976, 0.0 ], [ 104.177807166000036, -3.546761329999924, 0.0 ], [ 104.177727407000077, -3.546766780999974, 0.0 ], [ 104.177697417000047, -3.546768830999952, 0.0 ], [ 104.177602793000062, -3.546791544999962, 0.0 ], [ 104.17750060700007, -3.546806654999955, 0.0 ], [ 104.177420993000055, -3.546806583999967, 0.0 ], [ 104.177406002000055, -3.546806569999944, 0.0 ], [ 104.177315186000044, -3.546802688999946, 0.0 ], [ 104.17712221000005, -3.546783516999938, 0.0 ], [ 104.176982210000062, -3.546764392999933, 0.0 ], [ 104.176906517000077, -3.546775724999975, 0.0 ], [ 104.17681942300004, -3.546840244999942, 0.0 ], [ 104.176781524000035, -3.546904808999955, 0.0 ], [ 104.176766298000075, -3.547007392999944, 0.0 ], [ 104.176773764000075, -3.547121396999955, 0.0 ], [ 104.176805974000047, -3.547254514999963, 0.0 ], [ 104.176811469000086, -3.54727722299998, 0.0 ], [ 104.176902104000078, -3.547486297999967, 0.0 ], [ 104.17694365400007, -3.547573732999979, 0.0 ], [ 104.17695487800006, -3.547718137999937, 0.0 ], [ 104.176954117000037, -3.547739715999967, 0.0 ], [ 104.176950995000084, -3.547828330999948, 0.0 ], [ 104.176920672000051, -3.547885301999941, 0.0 ], [ 104.176856290000046, -3.547942241999976, 0.0 ], [ 104.176644328000066, -3.547995252999954, 0.0 ], [ 104.176447524000082, -3.548025473999928, 0.0 ], [ 104.176246950000063, -3.548040495999942, 0.0 ], [ 104.176114510000048, -3.548032777999936, 0.0 ], [ 104.176023703000055, -3.548017495999943, 0.0 ], [ 104.175982112000042, -3.547975660999953, 0.0 ], [ 104.175955684000087, -3.547907239999972, 0.0 ], [ 104.175948169000037, -3.547846432999961, 0.0 ], [ 104.175952015000064, -3.547778038999979, 0.0 ], [ 104.175959860000034, -3.547738827999979, 0.0 ], [ 104.175982422000061, -3.547626070999968, 0.0 ], [ 104.17603934400006, -3.547447527999964, 0.0 ], [ 104.17607650900004, -3.54725386299998, 0.0 ], [ 104.176092567000069, -3.547170183999981, 0.0 ], [ 104.176081330000045, -3.547040978999974, 0.0 ], [ 104.176066247000051, -3.546980166999958, 0.0 ], [ 104.176024658000074, -3.546938331999968, 0.0 ], [ 104.175960360000033, -3.546900275999974, 0.0 ], [ 104.17583171800004, -3.546877360999929, 0.0 ], [ 104.175778741000045, -3.546877313999971, 0.0 ], [ 104.175684129000047, -3.546884827999975, 0.0 ], [ 104.175680845000045, -3.546886080999968, 0.0 ], [ 104.17560463500007, -3.546915155999955, 0.0 ], [ 104.175551619000032, -3.54695690799997, 0.0 ], [ 104.17554857600004, -3.546960829999932, 0.0 ], [ 104.175498579000077, -3.547025258999952, 0.0 ], [ 104.17547204400006, -3.547078432999967, 0.0 ], [ 104.175445468000078, -3.547173405999956, 0.0 ], [ 104.175441887000034, -3.547253294999962, 0.0 ], [ 104.175433887000054, -3.547431787999926, 0.0 ], [ 104.175433745000078, -3.547591160999957, 0.0 ], [ 104.175433708000071, -3.547633180999981, 0.0 ], [ 104.175414697000065, -3.547735760999956, 0.0 ], [ 104.175369206000084, -3.547826915999963, 0.0 ], [ 104.175335121000046, -3.547857285999953, 0.0 ], [ 104.175229138000077, -3.547887589999959, 0.0 ], [ 104.175153422000051, -3.547921719999977, 0.0 ], [ 104.175096637000081, -3.547948267999971, 0.0 ], [ 104.175058770000078, -3.547974834999934, 0.0 ], [ 104.175036019000061, -3.548028011999975, 0.0 ], [ 104.175020755000048, -3.548172393999948, 0.0 ], [ 104.17500173600007, -3.548282572999938, 0.0 ], [ 104.174986532000048, -3.548358556999972, 0.0 ], [ 104.174952424000082, -3.548415524999939, 0.0 ], [ 104.174782332000063, -3.548461136999947, 0.0 ], [ 104.174608225000043, -3.54849897899993, 0.0 ], [ 104.174464365000063, -3.548567248999973, 0.0 ], [ 104.174331833000053, -3.548665926999945, 0.0 ], [ 104.174161411000057, -3.54881396899998, 0.0 ], [ 104.174025081000082, -3.548927842999944, 0.0 ], [ 104.173862327000052, -3.548965695999925, 0.0 ], [ 104.173756365000088, -3.548969400999965, 0.0 ], [ 104.173631501000045, -3.548954088999949, 0.0 ], [ 104.173525569000049, -3.548923594999962, 0.0 ], [ 104.173404517000051, -3.548877887999936, 0.0 ], [ 104.173279656000034, -3.548858776999964, 0.0 ], [ 104.173109380000085, -3.548843423999926, 0.0 ], [ 104.172965595000051, -3.54882809399993, 0.0 ], [ 104.172833185000059, -3.548786178999933, 0.0 ], [ 104.17273104700007, -3.548748087999968, 0.0 ], [ 104.172659211000052, -3.548675824999975, 0.0 ], [ 104.172576040000081, -3.548584553999945, 0.0 ], [ 104.172481513000037, -3.548497071999975, 0.0 ], [ 104.172307582000087, -3.548337320999963, 0.0 ], [ 104.172235773000068, -3.548234660999981, 0.0 ], [ 104.172205592000068, -3.548132036999959, 0.0 ], [ 104.172205686000041, -3.548025639999935, 0.0 ], [ 104.172228511000071, -3.547892664999949, 0.0 ], [ 104.172289182000043, -3.547752124999931, 0.0 ], [ 104.172361214000034, -3.547603992999939, 0.0 ], [ 104.17239535300007, -3.547512827999981, 0.0 ], [ 104.172399214000052, -3.547425432999944, 0.0 ], [ 104.172384132000047, -3.547364620999929, 0.0 ], [ 104.17231608600008, -3.547284762999936, 0.0 ], [ 104.172195065000039, -3.54720485699994, 0.0 ], [ 104.172085358000061, -3.547166759999925, 0.0 ], [ 104.171951035000063, -3.547151439999936, 0.0 ], [ 104.17188111300004, -3.547151377999967, 0.0 ], [ 104.171712630000059, -3.547151225999926, 0.0 ], [ 104.171583969000039, -3.547151110999948, 0.0 ], [ 104.171500734000062, -3.547132035999937, 0.0 ], [ 104.171394821000035, -3.547082542999931, 0.0 ], [ 104.171292685000083, -3.547040650999975, 0.0 ], [ 104.171129988000075, -3.547013905999961, 0.0 ], [ 104.171039166000071, -3.547017624999967, 0.0 ], [ 104.170986167000081, -3.547040375999927, 0.0 ], [ 104.170899101000032, -3.547074495999937, 0.0 ], [ 104.170793106000076, -3.547116199999948, 0.0 ], [ 104.170694690000062, -3.547146510999937, 0.0 ], [ 104.170566010000073, -3.547165393999933, 0.0 ], [ 104.170255693000058, -3.547184113999947, 0.0 ], [ 104.169979442000056, -3.54719146399998, 0.0 ], [ 104.169706957000074, -3.547217819999958, 0.0 ], [ 104.169521470000063, -3.547286047999933, 0.0 ], [ 104.169449530000065, -3.547331583999949, 0.0 ], [ 104.169396478000067, -3.547415132999959, 0.0 ], [ 104.16938125300004, -3.547513913999978, 0.0 ], [ 104.169381117000057, -3.547665908999932, 0.0 ], [ 104.16940747600006, -3.547810327999969, 0.0 ], [ 104.169467907000069, -3.547939578999944, 0.0 ], [ 104.169577533000052, -3.548068872999977, 0.0 ], [ 104.169660687000032, -3.54817914399996, 0.0 ], [ 104.169683332000034, -3.548247560999926, 0.0 ], [ 104.169668138000077, -3.548312144999954, 0.0 ], [ 104.169596193000075, -3.548361479999926, 0.0 ], [ 104.169509151000057, -3.548369, 0.0 ], [ 104.169376735000071, -3.54833468299995, 0.0 ], [ 104.169293510000045, -3.54830420899998, 0.0 ], [ 104.169210332000034, -3.548220537999953, 0.0 ], [ 104.169100772000036, -3.548019043999943, 0.0 ], [ 104.169036583000036, -3.547859391999964, 0.0 ], [ 104.168964761000041, -3.547771930999943, 0.0 ], [ 104.16882862600005, -3.547665410999969, 0.0 ], [ 104.168673549000061, -3.547581673999957, 0.0 ], [ 104.168544920000045, -3.547543558999962, 0.0 ], [ 104.168412513000078, -3.547501642999976, 0.0 ], [ 104.168291493000083, -3.547417934999942, 0.0 ], [ 104.168162941000048, -3.547296222999933, 0.0 ], [ 104.168011708000051, -3.54714409199994, 0.0 ], [ 104.167845322000062, -3.547014745999945, 0.0 ], [ 104.167765885000051, -3.546980474999941, 0.0 ], [ 104.167667492000078, -3.546984185999975, 0.0 ], [ 104.167618278000077, -3.547006942999928, 0.0 ], [ 104.16759176000005, -3.547037315999944, 0.0 ], [ 104.167565216000071, -3.547098089999963, 0.0 ], [ 104.167527256000085, -3.547231050999926, 0.0 ], [ 104.167500628000084, -3.547386823999943, 0.0 ], [ 104.167462608000051, -3.547584381999968, 0.0 ], [ 104.16744734200006, -3.547728762999952, 0.0 ], [ 104.167420762000063, -3.547831334999955, 0.0 ], [ 104.167372314000033, -3.547971191999977, 0.0 ], [ 104.167323021000072, -3.548081343999968, 0.0 ], [ 104.167262379000078, -3.548187684999959, 0.0 ], [ 104.167232001000059, -3.548305454999934, 0.0 ], [ 104.167228114000068, -3.548419447999947, 0.0 ], [ 104.167254437000054, -3.548605663999979, 0.0 ], [ 104.167280848000075, -3.548693084999968, 0.0 ], [ 104.167299699000068, -3.548772897999925, 0.0 ], [ 104.167288256000063, -3.548871684999938, 0.0 ], [ 104.167250347000049, -3.548947647999967, 0.0 ], [ 104.167178398000033, -3.549000780999961, 0.0 ], [ 104.16708753100005, -3.549053898999944, 0.0 ], [ 104.166983440000081, -3.549086100999943, 0.0 ], [ 104.166797984000084, -3.549120130999938, 0.0 ], [ 104.166642823000075, -3.549131390999946, 0.0 ], [ 104.166563366000048, -3.549119918999963, 0.0 ], [ 104.166465028000061, -3.549062831999947, 0.0 ], [ 104.166336417000082, -3.549005717999933, 0.0 ], [ 104.166249393000044, -3.548990439999955, 0.0 ], [ 104.166162358000065, -3.548990360999937, 0.0 ], [ 104.165988275000075, -3.549001602999965, 0.0 ], [ 104.165575751000063, -3.54905442699993, 0.0 ], [ 104.165435711000043, -3.54908469999998, 0.0 ], [ 104.165306246000057, -3.549152970999955, 0.0 ], [ 104.165291841000055, -3.549160566999944, 0.0 ], [ 104.165256199000055, -3.549188046999973, 0.0 ], [ 104.165193386000055, -3.54923647499993, 0.0 ], [ 104.164920685000084, -3.54950221799993, 0.0 ], [ 104.164795674000061, -3.54965029899995, 0.0 ], [ 104.164723662000085, -3.549775628999953, 0.0 ], [ 104.164659203000042, -3.549919965999948, 0.0 ], [ 104.164617408000083, -3.550106120999942, 0.0 ], [ 104.164568046000056, -3.550292269999943, 0.0 ], [ 104.164522459000068, -3.550489820999928, 0.0 ], [ 104.164476960000059, -3.550588577999974, 0.0 ], [ 104.164408762000051, -3.55067971099993, 0.0 ], [ 104.164310312000055, -3.550748020999947, 0.0 ], [ 104.164209996000068, -3.550789726999938, 0.0 ], [ 104.163948880000078, -3.550797090999936, 0.0 ], [ 104.163850504000038, -3.550781799999925, 0.0 ], [ 104.163771057000076, -3.550758930999962, 0.0 ], [ 104.163702972000067, -3.550724668999976, 0.0 ], [ 104.163612249000039, -3.550618189999966, 0.0 ], [ 104.163521533000051, -3.550500313999976, 0.0 ], [ 104.16343837800008, -3.55039383999997, 0.0 ], [ 104.163328700000079, -3.550321544999974, 0.0 ], [ 104.163060113000085, -3.550222502999929, 0.0 ], [ 104.162988793000068, -3.550203703999955, 0.0 ], [ 104.162814199000081, -3.550157681999963, 0.0 ], [ 104.16233370100008, -3.550054649999936, 0.0 ], [ 104.162012103000052, -3.549989757999981, 0.0 ], [ 104.161819172000037, -3.54992118499996, 0.0 ], [ 104.161667875000035, -3.549841249999929, 0.0 ], [ 104.161565756000073, -3.549784158999955, 0.0 ], [ 104.161382365000065, -3.549626299999943, 0.0 ], [ 104.161098752000044, -3.549405649999926, 0.0 ], [ 104.160956514000077, -3.549299588999929, 0.0 ], [ 104.16077731300004, -3.549165964999929, 0.0 ], [ 104.160584464000067, -3.549006194999947, 0.0 ], [ 104.160493742000085, -3.548899715999937, 0.0 ], [ 104.160384193000084, -3.548683024999946, 0.0 ], [ 104.160240680000072, -3.548367505999977, 0.0 ], [ 104.160157654000045, -3.548116638999943, 0.0 ], [ 104.160074487000088, -3.54802536699998, 0.0 ], [ 104.159960989000069, -3.547994863999975, 0.0 ], [ 104.159862597000085, -3.547998573999962, 0.0 ], [ 104.159767970000075, -3.548021286999926, 0.0 ], [ 104.159673277000081, -3.548119996999958, 0.0 ], [ 104.15946884300007, -3.548218607999956, 0.0 ], [ 104.15912441100005, -3.548298090999936, 0.0 ], [ 104.158583172000078, -3.548411592999969, 0.0 ], [ 104.158510967000041, -3.548433144999933, 0.0 ], [ 104.158367414000054, -3.548475992999954, 0.0 ], [ 104.158181919000072, -3.548555619999945, 0.0 ], [ 104.158003973000064, -3.548654253999928, 0.0 ], [ 104.157881815000053, -3.54875988699996, 0.0 ], [ 104.157810830000074, -3.548821269999962, 0.0 ], [ 104.157595744000048, -3.549011273999952, 0.0 ], [ 104.157587383000077, -3.549018659999945, 0.0 ], [ 104.157481317000077, -3.549140157999943, 0.0 ], [ 104.157371456000078, -3.549273052999979, 0.0 ], [ 104.157303220000074, -3.549405984999964, 0.0 ], [ 104.157228364000048, -3.549601045999964, 0.0 ], [ 104.157159532000037, -3.549721742999964, 0.0 ], [ 104.157069281000076, -3.549782039999968, 0.0 ], [ 104.157004834000077, -3.549803547999943, 0.0 ], [ 104.156867375000047, -3.549820671999953, 0.0 ], [ 104.156738545000053, -3.549794677999955, 0.0 ], [ 104.156651793000037, -3.54974705799998, 0.0 ], [ 104.15664410100004, -3.549742834999961, 0.0 ], [ 104.156463809000059, -3.549630534999949, 0.0 ], [ 104.15632641600007, -3.549574342999961, 0.0 ], [ 104.156154632000039, -3.549552619999929, 0.0 ], [ 104.156021485000053, -3.549552496999979, 0.0 ], [ 104.155853956000044, -3.549573908999946, 0.0 ], [ 104.155759445000058, -3.549595387999943, 0.0 ], [ 104.15567350300006, -3.549638436999942, 0.0 ], [ 104.155548868000039, -3.549724580999964, 0.0 ], [ 104.155308164000076, -3.549922753999965, 0.0 ], [ 104.155166343000076, -3.550013193999973, 0.0 ], [ 104.155028857000048, -3.550060508999934, 0.0 ], [ 104.154861337000057, -3.550073293999958, 0.0 ], [ 104.154672345000051, -3.550081746999979, 0.0 ], [ 104.154664875000037, -3.550082550999946, 0.0 ], [ 104.15451341000005, -3.550098850999973, 0.0 ], [ 104.154423182000073, -3.550133272999972, 0.0 ], [ 104.154345813000077, -3.55019789499994, 0.0 ], [ 104.154277013000069, -3.550284089999934, 0.0 ], [ 104.154251118000047, -3.550417763999974, 0.0 ], [ 104.154259608000075, -3.55052990799993, 0.0 ], [ 104.154262139000082, -3.550535427999932, 0.0 ], [ 104.154285327000082, -3.550585998999964, 0.0 ], [ 104.15443193200008, -3.550764939999965, 0.0 ], [ 104.154513788000088, -3.550915957999962, 0.0 ], [ 104.15453423200006, -3.550974292999967, 0.0 ], [ 104.154530760000057, -3.551036038999939, 0.0 ], [ 104.154513635000058, -3.551084050999975, 0.0 ], [ 104.154469187000075, -3.551121744999932, 0.0 ], [ 104.154431585000054, -3.551145724999969, 0.0 ], [ 104.154366677000041, -3.551145663999932, 0.0 ], [ 104.154281274000084, -3.551138723999941, 0.0 ], [ 104.15416855400008, -3.55111803799997, 0.0 ], [ 104.154014884000048, -3.551045857999952, 0.0 ], [ 104.153960536000056, -3.551020783999945, 0.0 ], [ 104.153850969000075, -3.550970234999966, 0.0 ], [ 104.153755354000054, -3.550922120999928, 0.0 ], [ 104.153646040000069, -3.550911728999949, 0.0 ], [ 104.153587963000064, -3.550911675999942, 0.0 ], [ 104.153546940000069, -3.55094251099996, 0.0 ], [ 104.153534995000086, -3.550959086999967, 0.0 ], [ 104.153502470000035, -3.551004220999971, 0.0 ], [ 104.153481935000059, -3.551045366999972, 0.0 ], [ 104.153478432000043, -3.55114141699994, 0.0 ], [ 104.153495426000063, -3.55123748799997, 0.0 ], [ 104.153534644000047, -3.551343811999971, 0.0 ], [ 104.153539728000055, -3.551357593999967, 0.0 ], [ 104.153580657000077, -3.551433103999955, 0.0 ], [ 104.153628406000053, -3.551518908999981, 0.0 ], [ 104.153733999000053, -3.551862055999948, 0.0 ], [ 104.153829431000077, -3.552112568999974, 0.0 ], [ 104.153880604000051, -3.552191516999926, 0.0 ], [ 104.153952292000042, -3.552253330999974, 0.0 ], [ 104.153969911000047, -3.552262496999958, 0.0 ], [ 104.154068409000047, -3.552313731999959, 0.0 ], [ 104.154175017000057, -3.552352072999952, 0.0 ], [ 104.15423402600004, -3.552378898999962, 0.0 ], [ 104.154268275000049, -3.552409523999927, 0.0 ], [ 104.154300608000085, -3.552453533999937, 0.0 ], [ 104.154317713000069, -3.552489880999929, 0.0 ], [ 104.154323401000056, -3.552518568999972, 0.0 ], [ 104.154325265000068, -3.552562552999973, 0.0 ], [ 104.154330854000079, -3.552700234999975, 0.0 ], [ 104.154324922000058, -3.552939251999931, 0.0 ], [ 104.154309543000068, -3.553097949999938, 0.0 ], [ 104.154292307000048, -3.553205015999936, 0.0 ], [ 104.154275105000067, -3.553275751999934, 0.0 ], [ 104.154254090000052, -3.553348395999933, 0.0 ], [ 104.154208336000067, -3.553403805999949, 0.0 ], [ 104.154156886000067, -3.553442003999976, 0.0 ], [ 104.154092115000083, -3.553468713999962, 0.0 ], [ 104.154052118000038, -3.553476327999931, 0.0 ], [ 104.15400831900007, -3.553476286999967, 0.0 ], [ 104.153974051000034, -3.553464780999946, 0.0 ], [ 104.153947419000076, -3.553434161999974, 0.0 ], [ 104.153930327000069, -3.553384428999948, 0.0 ], [ 104.15393036200004, -3.553346186999931, 0.0 ], [ 104.153949504000082, -3.553237208999974, 0.0 ], [ 104.153955136000036, -3.553222636999976, 0.0 ], [ 104.153972408000072, -3.553177951999942, 0.0 ], [ 104.154002998000067, -3.553046037999934, 0.0 ], [ 104.154008764000082, -3.552988678999952, 0.0 ], [ 104.15400309100005, -3.552944691999926, 0.0 ], [ 104.153982171000052, -3.552912166999931, 0.0 ], [ 104.153957432000084, -3.552894934999927, 0.0 ], [ 104.15390983900005, -3.552877680999927, 0.0 ], [ 104.153883179000047, -3.552877656999954, 0.0 ], [ 104.15382223000006, -3.552890986999955, 0.0 ], [ 104.153763180000055, -3.552910053999938, 0.0 ], [ 104.15370792300007, -3.55294442099995, 0.0 ], [ 104.153646920000085, -3.553015116999973, 0.0 ], [ 104.153574494000054, -3.553083888999936, 0.0 ], [ 104.153533018000076, -3.553128429999958, 0.0 ], [ 104.153521122000086, -3.553141205999964, 0.0 ], [ 104.153473475000055, -3.553185140999972, 0.0 ], [ 104.153418227000088, -3.55320994899995, 0.0 ], [ 104.15336680200005, -3.553219462999948, 0.0 ], [ 104.153279205000047, -3.553217469999936, 0.0 ], [ 104.153195431000086, -3.55320209599995, 0.0 ], [ 104.153132611000046, -3.553177179999977, 0.0 ], [ 104.153060295000046, -3.553125483999963, 0.0 ], [ 104.152980420000063, -3.553008765999948, 0.0 ], [ 104.152933981000047, -3.55293087299998, 0.0 ], [ 104.152874798000084, -3.55278033899998, 0.0 ], [ 104.152799978000075, -3.552661139999941, 0.0 ], [ 104.152687669000045, -3.552566984999942, 0.0 ], [ 104.152544102000036, -3.55251355799993, 0.0 ], [ 104.152381781000088, -3.552482058999942, 0.0 ], [ 104.152166359000034, -3.552478725999947, 0.0 ], [ 104.151960302000077, -3.552478535999967, 0.0 ], [ 104.151710297000079, -3.552466349999975, 0.0 ], [ 104.151698058000079, -3.552465752999979, 0.0 ], [ 104.151609595000082, -3.55245317899994, 0.0 ], [ 104.151498271000037, -3.552437353999949, 0.0 ], [ 104.151286029000062, -3.552371321999942, 0.0 ], [ 104.151154949000045, -3.552321040999971, 0.0 ], [ 104.151020803000051, -3.552208056999973, 0.0 ], [ 104.150917849000052, -3.552126452999971, 0.0 ], [ 104.150843006000059, -3.552029196999968, 0.0 ], [ 104.150799366000058, -3.551953916999935, 0.0 ], [ 104.150783841000077, -3.55185985199995, 0.0 ], [ 104.150787038000033, -3.551778344999946, 0.0 ], [ 104.150802703000068, -3.551718792999964, 0.0 ], [ 104.150849612000059, -3.551634190999948, 0.0 ], [ 104.150909012000056, -3.551546465999934, 0.0 ], [ 104.150934059000065, -3.551468113999931, 0.0 ], [ 104.150934108000058, -3.551414818999945, 0.0 ], [ 104.150924781000072, -3.551370920999943, 0.0 ], [ 104.150884244000054, -3.551317587999961, 0.0 ], [ 104.150771899000063, -3.551261053999951, 0.0 ], [ 104.150651135000032, -3.551222946999928, 0.0 ], [ 104.15055059000008, -3.551214775999938, 0.0 ], [ 104.150417868000034, -3.551210614999945, 0.0 ], [ 104.150273073000051, -3.551210481999931, 0.0 ], [ 104.149995519000072, -3.551246573999947, 0.0 ], [ 104.14984669100005, -3.551258551999979, 0.0 ], [ 104.149709941000083, -3.551258425999947, 0.0 ], [ 104.149512893000065, -3.551225934999934, 0.0 ], [ 104.149344014000064, -3.55117327399995, 0.0 ], [ 104.14933413600005, -3.551166570999953, 0.0 ], [ 104.149152115000049, -3.550747369999954, 0.0 ], [ 104.148368341000037, -3.541476600999943, 0.0 ], [ 104.148368450000078, -3.541356929999949, 0.0 ], [ 104.145086444000071, -3.529765802999975, 0.0 ], [ 104.140535401000079, -3.513692793999951, 0.0 ], [ 104.140516455000068, -3.513625880999939, 0.0 ], [ 104.140516564000052, -3.513506209999946, 0.0 ], [ 104.131066677000035, -3.501630022999962, 0.0 ], [ 104.130942158000039, -3.501473532999967, 0.0 ], [ 104.129883473000064, -3.500143026999979, 0.0 ], [ 104.128732531000082, -3.498696575999929, 0.0 ], [ 104.126399732000039, -3.495764820999966, 0.0 ], [ 104.126289721000035, -3.495626564999952, 0.0 ], [ 104.125715670000034, -3.494905122999967, 0.0 ], [ 104.125788693000061, -3.494779797999968, 0.0 ], [ 104.126721021000037, -3.49317968899993, 0.0 ], [ 104.127156987000035, -3.492431462999946, 0.0 ], [ 104.129487346000076, -3.488431946999981, 0.0 ], [ 104.129647931000079, -3.488156336999964, 0.0 ], [ 104.129821080000056, -3.487859163999929, 0.0 ], [ 104.130665058000034, -3.486410658999944, 0.0 ], [ 104.134895320000055, -3.479150191999963, 0.0 ], [ 104.13670746300005, -3.476039980999929, 0.0 ], [ 104.136867271000085, -3.475765700999943, 0.0 ], [ 104.136907848000078, -3.475696056999936, 0.0 ], [ 104.137022856000044, -3.476209734999941, 0.0 ], [ 104.137109600000088, -3.476706011999966, 0.0 ], [ 104.137156080000068, -3.477012856999977, 0.0 ], [ 104.137198884000043, -3.477161295999963, 0.0 ], [ 104.137248026000066, -3.47728183299995, 0.0 ], [ 104.137317385000074, -3.477394781999976, 0.0 ], [ 104.137390543000038, -3.477505191999967, 0.0 ], [ 104.137465081000073, -3.477594487999966, 0.0 ], [ 104.137513649000084, -3.47764338099995, 0.0 ], [ 104.137579312000071, -3.477701334999949, 0.0 ], [ 104.137647679000054, -3.47775567399998, 0.0 ], [ 104.13769534100004, -3.477810897999973, 0.0 ], [ 104.137727752000046, -3.477876718999937, 0.0 ], [ 104.137732138000047, -3.477933956999948, 0.0 ], [ 104.137731170000052, -3.478009036999936, 0.0 ], [ 104.137724812000044, -3.478070543999934, 0.0 ], [ 104.137709794000045, -3.478192280999963, 0.0 ], [ 104.137701094000079, -3.47827572999995, 0.0 ], [ 104.137697094000032, -3.478358749999927, 0.0 ], [ 104.137699359000067, -3.478451653999969, 0.0 ], [ 104.137706335000075, -3.478540635999934, 0.0 ], [ 104.137716458000057, -3.478615445999935, 0.0 ], [ 104.137732070000084, -3.478692088999935, 0.0 ], [ 104.137751614000081, -3.478751157999966, 0.0 ], [ 104.137775867000073, -3.478809445999957, 0.0 ], [ 104.137798557000053, -3.478855131999978, 0.0 ], [ 104.137826745000041, -3.478900830999976, 0.0 ], [ 104.137861205000036, -3.47894180399993, 0.0 ], [ 104.137904925000043, -3.478985254999941, 0.0 ], [ 104.137966997000035, -3.47903325599998, 0.0 ], [ 104.138010166000072, -3.479079429999956, 0.0 ], [ 104.138058705000049, -3.479159078999942, 0.0 ], [ 104.138085660000058, -3.479216092999934, 0.0 ], [ 104.138120721000064, -3.479268591999926, 0.0 ], [ 104.138179194000088, -3.479312969999967, 0.0 ], [ 104.138258368000038, -3.479364605999933, 0.0 ], [ 104.13833485400005, -3.479399953999973, 0.0 ], [ 104.138435641000058, -3.479441657999928, 0.0 ], [ 104.138589503000048, -3.479525926999941, 0.0 ], [ 104.138717215000042, -3.47965811499995, 0.0 ], [ 104.138772051000046, -3.479742291999969, 0.0 ], [ 104.138798074000078, -3.479834583999946, 0.0 ], [ 104.138845857000035, -3.479972561999944, 0.0 ], [ 104.13889234700008, -3.480109803999937, 0.0 ], [ 104.138953675000039, -3.480183114999932, 0.0 ], [ 104.139033958000084, -3.480281653999953, 0.0 ], [ 104.13902183600004, -3.480423096999971, 0.0 ], [ 104.139034974000083, -3.480568249999976, 0.0 ], [ 104.139034735000052, -3.480831893999948, 0.0 ], [ 104.139047822000066, -3.481029735999925, 0.0 ], [ 104.139008191000073, -3.481253973999969, 0.0 ], [ 104.138955329000055, -3.481438436999952, 0.0 ], [ 104.138889612000071, -3.481583516999933, 0.0 ], [ 104.138784454000074, -3.481741685999964, 0.0 ], [ 104.138626506000037, -3.482005182999956, 0.0 ], [ 104.138534524000079, -3.482268937999947, 0.0 ], [ 104.138445736000051, -3.48277107399997, 0.0 ], [ 104.138394065000057, -3.482894033999969, 0.0 ], [ 104.138271519000057, -3.48299753699996, 0.0 ], [ 104.13805863500005, -3.483224161999942, 0.0 ], [ 104.137909889000071, -3.483372886999973, 0.0 ], [ 104.137716433000037, -3.483495914999935, 0.0 ], [ 104.137664809000057, -3.483567162999975, 0.0 ], [ 104.137619607000033, -3.483664273999977, 0.0 ], [ 104.137625910000054, -3.483819604999951, 0.0 ], [ 104.137651566000045, -3.483955760999947, 0.0 ], [ 104.137805970000045, -3.484253824999939, 0.0 ], [ 104.138346067000043, -3.485083587999952, 0.0 ], [ 104.138542305000044, -3.485385073999964, 0.0 ], [ 104.139458072000082, -3.487228286999937, 0.0 ], [ 104.139856948000045, -3.488003913999933, 0.0 ], [ 104.141550259000041, -3.490698707999968, 0.0 ], [ 104.141794408000067, -3.491114962999973, 0.0 ], [ 104.141953022000052, -3.491372093999928, 0.0 ], [ 104.142042350000054, -3.491527892999954, 0.0 ], [ 104.142104022000069, -3.491664275999938, 0.0 ], [ 104.142146755000056, -3.491781055999979, 0.0 ], [ 104.142169784000032, -3.491889982999965, 0.0 ], [ 104.142181435000055, -3.491999093999937, 0.0 ], [ 104.142363399000033, -3.492303168999968, 0.0 ], [ 104.142252470000074, -3.492403657999944, 0.0 ], [ 104.141976483000064, -3.492675443999929, 0.0 ], [ 104.14160204600006, -3.493024283999944, 0.0 ], [ 104.141197900000066, -3.493394236999961, 0.0 ], [ 104.140870685000039, -3.493648869999959, 0.0 ], [ 104.140655612000046, -3.493844571999944, 0.0 ], [ 104.140538694000043, -3.493928274999973, 0.0 ], [ 104.140405093000084, -3.494003586999952, 0.0 ], [ 104.140312216000041, -3.494042262999926, 0.0 ], [ 104.140264056000035, -3.494060120999961, 0.0 ], [ 104.140406032000044, -3.494179042999974, 0.0 ], [ 104.140527319000057, -3.494309542999929, 0.0 ], [ 104.140641692000088, -3.494420351999963, 0.0 ], [ 104.140732228000047, -3.494500509999966, 0.0 ], [ 104.140781702000083, -3.494543071999942, 0.0 ], [ 104.14086807800004, -3.494594712999969, 0.0 ], [ 104.140950873000065, -3.494624640999973, 0.0 ], [ 104.141044476000047, -3.49464824599994, 0.0 ], [ 104.141154272000051, -3.494683625999926, 0.0 ], [ 104.141230991000043, -3.494712525999944, 0.0 ], [ 104.141350630000034, -3.494765219999977, 0.0 ], [ 104.141475872000058, -3.494823553999936, 0.0 ], [ 104.141661078000084, -3.494903401999977, 0.0 ], [ 104.141771856000048, -3.494967105999933, 0.0 ], [ 104.141851809000059, -3.495024095999952, 0.0 ], [ 104.141903758000069, -3.49506761899994, 0.0 ], [ 104.14194271100007, -3.495107012999938, 0.0 ], [ 104.141992328000072, -3.495161551999956, 0.0 ], [ 104.142090259000042, -3.495296290999931, 0.0 ], [ 104.142203567000081, -3.495481790999975, 0.0 ], [ 104.142314540000086, -3.495667498999978, 0.0 ], [ 104.142416680000053, -3.495797292999953, 0.0 ], [ 104.142518823000046, -3.495914939999977, 0.0 ], [ 104.142607539000039, -3.496006892999958, 0.0 ], [ 104.142705679000073, -3.496090755999944, 0.0 ], [ 104.142788626000083, -3.496161254999947, 0.0 ], [ 104.142877725000062, -3.496227543999964, 0.0 ], [ 104.142975798000066, -3.49628552799993, 0.0 ], [ 104.143054077000045, -3.496331734999956, 0.0 ], [ 104.143131456000049, -3.496377939999945, 0.0 ], [ 104.143195321000064, -3.49643498699993, 0.0 ], [ 104.143246575000035, -3.496501070999955, 0.0 ], [ 104.143265755000073, -3.496544579999977, 0.0 ], [ 104.143281345000048, -3.49658743699996, 0.0 ], [ 104.143295421000062, -3.496660242999951, 0.0 ], [ 104.143304876000059, -3.496738127999947, 0.0 ], [ 104.143319207000047, -3.496816839999951, 0.0 ], [ 104.143347087000052, -3.496896942999967, 0.0 ], [ 104.143390326000087, -3.496985822999932, 0.0 ], [ 104.143441413000062, -3.497066621999977, 0.0 ], [ 104.143514239000069, -3.497169812999971, 0.0 ], [ 104.143569065000065, -3.497267558999965, 0.0 ], [ 104.143606765000072, -3.497388809999961, 0.0 ], [ 104.14361567900005, -3.497486513999945, 0.0 ], [ 104.14361559200006, -3.497581497999931, 0.0 ], [ 104.143607425000084, -3.497652952999942, 0.0 ], [ 104.143591143000037, -3.497739778999971, 0.0 ], [ 104.143576631000087, -3.49785736299998, 0.0 ], [ 104.143573851000042, -3.497945106999964, 0.0 ], [ 104.143588133000037, -3.49807990499994, 0.0 ], [ 104.143606100000056, -3.498121531999971, 0.0 ], [ 104.143645656000047, -3.498181271999954, 0.0 ], [ 104.143713118000051, -3.498242845999926, 0.0 ], [ 104.143776991000038, -3.498291752999933, 0.0 ], [ 104.143849853000063, -3.49835514199998, 0.0 ], [ 104.143912804000081, -3.498427566999965, 0.0 ], [ 104.143937056000084, -3.498488196999972, 0.0 ], [ 104.143935194000051, -3.498556039999926, 0.0 ], [ 104.143908116000034, -3.49863471499998, 0.0 ], [ 104.143864823000058, -3.498723325999947, 0.0 ], [ 104.143826045000083, -3.498797467999964, 0.0 ], [ 104.143788172000086, -3.498867086999951, 0.0 ], [ 104.14376109400007, -3.498945761999948, 0.0 ], [ 104.143756507000035, -3.499038929999926, 0.0 ], [ 104.143762731000038, -3.49912577799995, 0.0 ], [ 104.143790874000047, -3.499201992999929, 0.0 ], [ 104.144076693000045, -3.498616456999969, 0.0 ], [ 104.144260129000088, -3.498285387999942, 0.0 ] ] ] ] } },
{ "type": "Feature", "properties": { "fid": 158.0, "OBJECTID": 10316.0, "NAMOBJ": "Anak Petai", "FCODE": "BA03070040", "REMARK": null, "METADATA": "TASWIL1000020230928_DATA_BATAS_DESAKELURAHAN", "SRS_ID": "SRGI 2013", "KDBBPS": null, "KDCBPS": null, "KDCPUM": "16.74.05", "KDEBPS": null, "KDEPUM": "16.74.05.1005", "KDPBPS": null, "KDPKAB": "16.74", "KDPPUM": "16", "LUASWH": 1255.7456922911838, "TIPADM": 2.0, "WADMKC": "Prabumulih Utara", "WADMKD": "Anak Petai", "WADMKK": "Kota Prabumulih", "WADMPR": "Sumatera Selatan", "WIADKC": null, "WIADKK": null, "WIADPR": null, "WIADKD": null, "UUPP": "Hasil Delineasi Batas Desa 2018", "Shape_Leng": 0.13532123126930101, "Shape_Area": 0.001021944646941 }, "geometry": { "type": "MultiPolygon", "coordinates": [ [ [ [ 104.241931849000082, -3.428725168999961, 0.0 ], [ 104.24187336600005, -3.428977810999925, 0.0 ], [ 104.241763566000088, -3.429467006999971, 0.0 ], [ 104.241642806000073, -3.429978185999971, 0.0 ], [ 104.241486302000055, -3.430728479999971, 0.0 ], [ 104.241412236000087, -3.431089253999971, 0.0 ], [ 104.241403925000043, -3.431129736999935, 0.0 ], [ 104.241305061000048, -3.43162443999995, 0.0 ], [ 104.241200728000081, -3.432119137999962, 0.0 ], [ 104.24095913900004, -3.433229456999925, 0.0 ], [ 104.24092203500004, -3.433430977999933, 0.0 ], [ 104.240928068000073, -3.433434446999968, 0.0 ], [ 104.240793961000065, -3.434122207999962, 0.0 ], [ 104.240710113000034, -3.434591903999944, 0.0 ], [ 104.240592717000084, -3.43526290099993, 0.0 ], [ 104.240525537000053, -3.435766164999961, 0.0 ], [ 104.240525511000044, -3.435799369999927, 0.0 ], [ 104.240522823000049, -3.435800104999942, 0.0 ], [ 104.240459357000077, -3.435950638999941, 0.0 ], [ 104.24029153500004, -3.436558480999963, 0.0 ], [ 104.240289038000071, -3.436569973999951, 0.0 ], [ 104.240172143000052, -3.436553097999933, 0.0 ], [ 104.240066436000063, -3.436501490999945, 0.0 ], [ 104.23994146800004, -3.436494950999929, 0.0 ], [ 104.239880605000053, -3.436469140999975, 0.0 ], [ 104.239909567000041, -3.436314595999931, 0.0 ], [ 104.23991290400005, -3.436147149999954, 0.0 ], [ 104.239884164000046, -3.436021539999956, 0.0 ], [ 104.239797684000052, -3.435969948999968, 0.0 ], [ 104.239839477000032, -3.435799312999961, 0.0 ], [ 104.239762598000084, -3.435763829999928, 0.0 ], [ 104.239833245000057, -3.435573896999927, 0.0 ], [ 104.239878214000043, -3.435438684999951, 0.0 ], [ 104.239900713000054, -3.435354977999964, 0.0 ], [ 104.239846280000052, -3.435300192999932, 0.0 ], [ 104.239631615000064, -3.435258159999933, 0.0 ], [ 104.239493843000048, -3.435235508999938, 0.0 ], [ 104.239352863000079, -3.435216074999971, 0.0 ], [ 104.239157410000075, -3.435193375999972, 0.0 ], [ 104.238985935000073, -3.435239931999945, 0.0 ], [ 104.238924624000049, -3.435255282999947, 0.0 ], [ 104.238900011000055, -3.435178965999967, 0.0 ], [ 104.238715179000053, -3.43513378199998, 0.0 ], [ 104.238663658000064, -3.435111785999936, 0.0 ], [ 104.238533722000057, -3.435073400999954, 0.0 ], [ 104.238412741000047, -3.435044029999972, 0.0 ], [ 104.238336570000058, -3.435023704999935, 0.0 ], [ 104.238264864000087, -3.435023645999934, 0.0 ], [ 104.238067748000049, -3.434928912999965, 0.0 ], [ 104.237814363000041, -3.43479500799998, 0.0 ], [ 104.237587603000065, -3.434640015999946, 0.0 ], [ 104.237562369000045, -3.43467095799997, 0.0 ], [ 104.237293632000046, -3.434470894999947, 0.0 ], [ 104.237058494000053, -3.434284932999958, 0.0 ], [ 104.236904137000067, -3.434224642999936, 0.0 ], [ 104.236648590000073, -3.434168143999955, 0.0 ], [ 104.236599604000048, -3.434125882999979, 0.0 ], [ 104.236589146000085, -3.434069578999924, 0.0 ], [ 104.23652265000004, -3.434034341999961, 0.0 ], [ 104.236533209000072, -3.433963980999977, 0.0 ], [ 104.236466703000076, -3.433942817999935, 0.0 ], [ 104.236470249000035, -3.433886524999934, 0.0 ], [ 104.236368734000052, -3.433858295999926, 0.0 ], [ 104.236326730000087, -3.433844187999966, 0.0 ], [ 104.236242532000063, -3.434055227999977, 0.0 ], [ 104.236102240000037, -3.434361218999925, 0.0 ], [ 104.235989997000047, -3.434614456999952, 0.0 ], [ 104.235732201000076, -3.435186835999957, 0.0 ], [ 104.23565278500007, -3.435146852999935, 0.0 ], [ 104.235648348000041, -3.435146847999931, 0.0 ], [ 104.235433847000081, -3.434994639999957, 0.0 ], [ 104.23513298000006, -3.434691811999926, 0.0 ], [ 104.235280114000034, -3.434589191999976, 0.0 ], [ 104.235327797000082, -3.434508727999969, 0.0 ], [ 104.235372690000077, -3.434411936999936, 0.0 ], [ 104.235410775000048, -3.434423225999979, 0.0 ], [ 104.235464610000065, -3.434351211999967, 0.0 ], [ 104.235516163000057, -3.434333238999955, 0.0 ], [ 104.235545368000032, -3.434240938999949, 0.0 ], [ 104.235446927000055, -3.434044952999955, 0.0 ], [ 104.235290300000088, -3.433758846999979, 0.0 ], [ 104.235148179000078, -3.433543684999961, 0.0 ], [ 104.235065347000045, -3.433446791999927, 0.0 ], [ 104.235204361000058, -3.433341069999926, 0.0 ], [ 104.235078973000043, -3.43321937199994, 0.0 ], [ 104.234924462000038, -3.433086390999961, 0.0 ], [ 104.234737487000075, -3.432920732999946, 0.0 ], [ 104.234623277000082, -3.432832820999977, 0.0 ], [ 104.234495621000065, -3.432744897999953, 0.0 ], [ 104.234399332000066, -3.432661502999963, 0.0 ], [ 104.234320925000077, -3.432636670999955, 0.0 ], [ 104.234130319000087, -3.432809905999932, 0.0 ], [ 104.233885858000065, -3.433077673999946, 0.0 ], [ 104.233805113000074, -3.433172184999933, 0.0 ], [ 104.233639355000037, -3.433095489999971, 0.0 ], [ 104.233117155000059, -3.432860037999944, 0.0 ], [ 104.232853955000053, -3.432741605999979, 0.0 ], [ 104.232607544000075, -3.43264570599996, 0.0 ], [ 104.232394740000075, -3.432555462999971, 0.0 ], [ 104.232187550000049, -3.432451149999963, 0.0 ], [ 104.231999947000077, -3.432372183999973, 0.0 ], [ 104.23189633700008, -3.432335509999973, 0.0 ], [ 104.231346134000034, -3.43209440499993, 0.0 ], [ 104.231278939000049, -3.432057758999974, 0.0 ], [ 104.230830263000087, -3.432156352999925, 0.0 ], [ 104.230335658000058, -3.432221923999975, 0.0 ], [ 104.229792920000079, -3.432278659999952, 0.0 ], [ 104.229671506000045, -3.43228404499996, 0.0 ], [ 104.229403393000041, -3.432295936999935, 0.0 ], [ 104.229202092000037, -3.432269384999927, 0.0 ], [ 104.228895867000062, -3.432102011999973, 0.0 ], [ 104.228716248000069, -3.432326166999928, 0.0 ], [ 104.228584797000053, -3.432519573999969, 0.0 ], [ 104.228571604000081, -3.432598727999959, 0.0 ], [ 104.228781582000067, -3.432717644999968, 0.0 ], [ 104.229030983000087, -3.43279701299997, 0.0 ], [ 104.229389712000057, -3.43298202099993, 0.0 ], [ 104.229436944000042, -3.433026039999959, 0.0 ], [ 104.229202358000066, -3.43302936799995, 0.0 ], [ 104.228813728000034, -3.433018497999967, 0.0 ], [ 104.228341054000055, -3.433025150999924, 0.0 ], [ 104.227896401000066, -3.43301775499998, 0.0 ], [ 104.227640815000086, -3.433010509999974, 0.0 ], [ 104.227190160000077, -3.433256544999949, 0.0 ], [ 104.226834446000055, -3.433404689999975, 0.0 ], [ 104.226670458000058, -3.433239630999935, 0.0 ], [ 104.226528280000082, -3.433162549999963, 0.0 ], [ 104.226484675000052, -3.43296460199997, 0.0 ], [ 104.226337019000084, -3.432898510999962, 0.0 ], [ 104.226255070000036, -3.432761005999964, 0.0 ], [ 104.226228279000054, -3.432669873999942, 0.0 ], [ 104.226167776000068, -3.432464065999966, 0.0 ], [ 104.226064096000073, -3.432133900999929, 0.0 ], [ 104.226031358000057, -3.432029648999958, 0.0 ], [ 104.225955105000082, -3.431611772999929, 0.0 ], [ 104.225895197000057, -3.431276373999935, 0.0 ], [ 104.22579982600007, -3.430822747999969, 0.0 ], [ 104.225723445000085, -3.430564300999947, 0.0 ], [ 104.225438885000074, -3.430668522999952, 0.0 ], [ 104.224951844000088, -3.430855043999941, 0.0 ], [ 104.224645339000062, -3.43103621399996, 0.0 ], [ 104.224382521000052, -3.431316374999938, 0.0 ], [ 104.224256575000084, -3.431464705999929, 0.0 ], [ 104.223928605000083, -3.431129087999977, 0.0 ], [ 104.223595127000067, -3.430837445999941, 0.0 ], [ 104.223278020000066, -3.43060079299994, 0.0 ], [ 104.222988260000079, -3.43036965999994, 0.0 ], [ 104.222731298000042, -3.430171537999968, 0.0 ], [ 104.22195300900006, -3.429616590999956, 0.0 ], [ 104.221948373000032, -3.429613284999959, 0.0 ], [ 104.221574055000076, -3.430042474999937, 0.0 ], [ 104.221550810000053, -3.430071318999978, 0.0 ], [ 104.221480433000067, -3.430158644999949, 0.0 ], [ 104.221395396000048, -3.430264162999947, 0.0 ], [ 104.221167619000084, -3.430546800999934, 0.0 ], [ 104.221092738000038, -3.430654112999946, 0.0 ], [ 104.221519900000033, -3.430944372999932, 0.0 ], [ 104.221669306000081, -3.431169978999947, 0.0 ], [ 104.221529951000036, -3.43172821099995, 0.0 ], [ 104.221347855000033, -3.432286407999925, 0.0 ], [ 104.221219892000079, -3.432588826999961, 0.0 ], [ 104.221147226000085, -3.432523812999932, 0.0 ], [ 104.220796866000057, -3.432394676999934, 0.0 ], [ 104.22054901100006, -3.432351524999945, 0.0 ], [ 104.220232827000075, -3.432239595999931, 0.0 ], [ 104.220019191000063, -3.432162112999947, 0.0 ], [ 104.219890916000054, -3.432230725999943, 0.0 ], [ 104.219745253000042, -3.432660104999968, 0.0 ], [ 104.219616964000068, -3.432745897999951, 0.0 ], [ 104.219462984000074, -3.432891800999926, 0.0 ], [ 104.219385989000045, -3.432969044999936, 0.0 ], [ 104.219214779000083, -3.433278142999939, 0.0 ], [ 104.219026591000045, -3.433441197999969, 0.0 ], [ 104.218778518000079, -3.433664330999932, 0.0 ], [ 104.218701531000079, -3.433732986999928, 0.0 ], [ 104.218393658000082, -3.433913121999979, 0.0 ], [ 104.218145521000054, -3.434213564999936, 0.0 ], [ 104.218154294000044, -3.433938694999938, 0.0 ], [ 104.218035913000051, -3.433740055999976, 0.0 ], [ 104.218026250000037, -3.433723841999949, 0.0 ], [ 104.218026320000035, -3.433637942999951, 0.0 ], [ 104.217975052000043, -3.433612131999951, 0.0 ], [ 104.217838405000066, -3.433465990999935, 0.0 ], [ 104.217821301000072, -3.433474566999962, 0.0 ], [ 104.217573124000069, -3.433826548999946, 0.0 ], [ 104.216991115000042, -3.434745190999934, 0.0 ], [ 104.21675196700005, -3.434504476999962, 0.0 ], [ 104.216205067000033, -3.434297868999977, 0.0 ], [ 104.215700905000062, -3.434091294999973, 0.0 ], [ 104.215269371000034, -3.433923436999976, 0.0 ], [ 104.214910414000087, -3.433854420999978, 0.0 ], [ 104.21480783800007, -3.433854336999957, 0.0 ], [ 104.213850230000048, -3.434145602999934, 0.0 ], [ 104.213713440000049, -3.434171257999935, 0.0 ], [ 104.212995280000086, -3.434333873999947, 0.0 ], [ 104.212713269000062, -3.434247742999958, 0.0 ], [ 104.211867374000065, -3.433817546999933, 0.0 ], [ 104.211354730000039, -3.433533655999952, 0.0 ], [ 104.21108991300008, -3.433327278999968, 0.0 ], [ 104.210859195000069, -3.43323259899995, 0.0 ], [ 104.21076521100008, -3.433180980999964, 0.0 ], [ 104.210449078000067, -3.433008919999963, 0.0 ], [ 104.210261108000054, -3.432905686999959, 0.0 ], [ 104.209265645000073, -3.432453890999966, 0.0 ], [ 104.209034937000069, -3.432350620999955, 0.0 ], [ 104.208590466000032, -3.432324481999956, 0.0 ], [ 104.208146788000079, -3.431336275999968, 0.0 ], [ 104.207360699000048, -3.430949075999933, 0.0 ], [ 104.207147085000088, -3.430845819999945, 0.0 ], [ 104.206557599000064, -3.430458784999928, 0.0 ], [ 104.206245901000045, -3.430093452999927, 0.0 ], [ 104.206006802000047, -3.42980119899994, 0.0 ], [ 104.205716485000039, -3.429423001999965, 0.0 ], [ 104.205349231000071, -3.429053330999977, 0.0 ], [ 104.20511861600005, -3.428838390999942, 0.0 ], [ 104.204820043000041, -3.428108002999977, 0.0 ], [ 104.204457222000087, -3.427545061999979, 0.0 ], [ 104.203517526000041, -3.426857086999973, 0.0 ], [ 104.203329622000069, -3.426676540999949, 0.0 ], [ 104.202962398000068, -3.426272511999969, 0.0 ], [ 104.202637984000035, -3.425782616999925, 0.0 ], [ 104.202582733000042, -3.425408910999977, 0.0 ], [ 104.202514578000034, -3.425133976999973, 0.0 ], [ 104.202446378000047, -3.424910583999974, 0.0 ], [ 104.20235253900006, -3.424687168999981, 0.0 ], [ 104.20232696000005, -3.42460983899997, 0.0 ], [ 104.202181809000081, -3.424412148999977, 0.0 ], [ 104.202079349000087, -3.424274625999942, 0.0 ], [ 104.20191707500004, -3.424111281999956, 0.0 ], [ 104.201327417000073, -3.423938989999954, 0.0 ], [ 104.200900061000084, -3.423895683999945, 0.0 ], [ 104.200455701000067, -3.423740693999946, 0.0 ], [ 104.199925908000068, -3.423534092999944, 0.0 ], [ 104.199746489000063, -3.423430864999943, 0.0 ], [ 104.199259476000066, -3.423172760999933, 0.0 ], [ 104.198943344000043, -3.423009286999957, 0.0 ], [ 104.198469200000034, -3.422695358999931, 0.0 ], [ 104.198110271000075, -3.42260056899994, 0.0 ], [ 104.197477826000068, -3.42248836999994, 0.0 ], [ 104.197195775000068, -3.422453772999972, 0.0 ], [ 104.196751411000037, -3.422307371999977, 0.0 ], [ 104.196418254000037, -3.422057984999981, 0.0 ], [ 104.196136428000045, -3.421757102999948, 0.0 ], [ 104.195752012000071, -3.421473313999968, 0.0 ], [ 104.195359101000065, -3.42112938799994, 0.0 ], [ 104.194867944000066, -3.420720954999979, 0.0 ], [ 104.194364004000079, -3.42026526899997, 0.0 ], [ 104.194159037000077, -3.420050348999951, 0.0 ], [ 104.194116318000056, -3.420024542999954, 0.0 ], [ 104.193911481000043, -3.419655004999925, 0.0 ], [ 104.19365534800005, -3.419294014999934, 0.0 ], [ 104.19343322800006, -3.419147799999962, 0.0 ], [ 104.193305062000036, -3.419087562999948, 0.0 ], [ 104.192971757000066, -3.419018562999952, 0.0 ], [ 104.192655546000083, -3.418949577999967, 0.0 ], [ 104.192262421000066, -3.418863345999966, 0.0 ], [ 104.191929101000085, -3.418811524999967, 0.0 ], [ 104.191801415000043, -3.41879167299993, 0.0 ], [ 104.19306445400008, -3.416574797999942, 0.0 ], [ 104.196077850000052, -3.412040655999931, 0.0 ], [ 104.19816518600004, -3.40750572099995, 0.0 ], [ 104.198398715000053, -3.405063085999927, 0.0 ], [ 104.198401502000081, -3.401689656999963, 0.0 ], [ 104.198288823000041, -3.397967154999947, 0.0 ], [ 104.198753561000046, -3.395873686999948, 0.0 ], [ 104.199163924000061, -3.394161627999949, 0.0 ], [ 104.199527613000043, -3.394216083999936, 0.0 ], [ 104.201245908000033, -3.394562926999924, 0.0 ], [ 104.202550103000078, -3.394709649999925, 0.0 ], [ 104.202631243000042, -3.39474359899998, 0.0 ], [ 104.202780335000057, -3.394804251999972, 0.0 ], [ 104.202902189000042, -3.394853350999938, 0.0 ], [ 104.202968131000034, -3.394882228999961, 0.0 ], [ 104.202992803000086, -3.394891193999968, 0.0 ], [ 104.202996204000044, -3.394892581999954, 0.0 ], [ 104.202997804000063, -3.394893236999962, 0.0 ], [ 104.203106673000036, -3.394937739999932, 0.0 ], [ 104.203168107000067, -3.394963021999956, 0.0 ], [ 104.203175375000058, -3.394965361999937, 0.0 ], [ 104.203239809000081, -3.394987106999963, 0.0 ], [ 104.20331705500007, -3.395013003999964, 0.0 ], [ 104.203326270000048, -3.395016097999928, 0.0 ], [ 104.203346949000036, -3.395023044999959, 0.0 ], [ 104.203357289000053, -3.395026517999952, 0.0 ], [ 104.203369274000067, -3.39503059499998, 0.0 ], [ 104.203409435000083, -3.395044033999966, 0.0 ], [ 104.203498817000082, -3.395074158999932, 0.0 ], [ 104.203515826000057, -3.395079670999962, 0.0 ], [ 104.203591348000032, -3.39510503899993, 0.0 ], [ 104.203674736000039, -3.395133200999965, 0.0 ], [ 104.20376142300006, -3.395162267999979, 0.0 ], [ 104.20385170600008, -3.395192694999935, 0.0 ], [ 104.20391621400006, -3.395214212999974, 0.0 ], [ 104.203947906000053, -3.395224857999949, 0.0 ], [ 104.204009193000047, -3.395245394999961, 0.0 ], [ 104.204095431000042, -3.395274613999959, 0.0 ], [ 104.204184814000087, -3.395304435999947, 0.0 ], [ 104.204276144000062, -3.39533516399996, 0.0 ], [ 104.204371223000066, -3.395367101999966, 0.0 ], [ 104.204441576000079, -3.395390581999948, 0.0 ], [ 104.204524965000076, -3.395418894999978, 0.0 ], [ 104.204610602000059, -3.395447508999951, 0.0 ], [ 104.204756459000066, -3.39549636199996, 0.0 ], [ 104.204786054000067, -3.39550636499996, 0.0 ], [ 104.20482164200007, -3.395518822999975, 0.0 ], [ 104.204885607000051, -3.395541186999935, 0.0 ], [ 104.204929624000044, -3.395556474999978, 0.0 ], [ 104.205009321000034, -3.395584687999929, 0.0 ], [ 104.205031237000071, -3.39559223699996, 0.0 ], [ 104.205139031000044, -3.395630078999943, 0.0 ], [ 104.205243642000084, -3.395666786999925, 0.0 ], [ 104.205349376000072, -3.395703872999945, 0.0 ], [ 104.205560869000067, -3.395777879999969, 0.0 ], [ 104.205706469000063, -3.395829042999935, 0.0 ], [ 104.205898346000083, -3.395896314999959, 0.0 ], [ 104.206140939000079, -3.395981326999959, 0.0 ], [ 104.206451611000034, -3.396089895999978, 0.0 ], [ 104.206832089000045, -3.396224165999968, 0.0 ], [ 104.207330912000032, -3.396397405999949, 0.0 ], [ 104.20794550800008, -3.39661394999996, 0.0 ], [ 104.208755620000034, -3.39689728899998, 0.0 ], [ 104.20940192900008, -3.397124906999977, 0.0 ], [ 104.209630449000088, -3.397205758999974, 0.0 ], [ 104.20978199700005, -3.397257392999961, 0.0 ], [ 104.210953065000069, -3.397521388999962, 0.0 ], [ 104.211464448000072, -3.397641269999951, 0.0 ], [ 104.21212741100004, -3.397930748999954, 0.0 ], [ 104.212218864000079, -3.397970679999958, 0.0 ], [ 104.213072486000044, -3.398342913999954, 0.0 ], [ 104.213530383000034, -3.398523027999943, 0.0 ], [ 104.214807054000062, -3.399018355999942, 0.0 ], [ 104.216112071000055, -3.399526856999955, 0.0 ], [ 104.217482506000067, -3.400057329999925, 0.0 ], [ 104.21823368400004, -3.400348373999975, 0.0 ], [ 104.218391774000054, -3.400404397999978, 0.0 ], [ 104.219187686000055, -3.400670271999957, 0.0 ], [ 104.220209287000046, -3.401014139999972, 0.0 ], [ 104.220234365000067, -3.401021832999959, 0.0 ], [ 104.221250328000053, -3.401599139999973, 0.0 ], [ 104.22142692400007, -3.401697920999936, 0.0 ], [ 104.222247762000052, -3.402164375999973, 0.0 ], [ 104.222467145000053, -3.402286480999976, 0.0 ], [ 104.223023136000052, -3.402547224999978, 0.0 ], [ 104.223914353000055, -3.402969896999934, 0.0 ], [ 104.22448158800006, -3.403235786999971, 0.0 ], [ 104.225030082000046, -3.403496523999934, 0.0 ], [ 104.225156132000052, -3.403558274999966, 0.0 ], [ 104.225254928000084, -3.403606303999936, 0.0 ], [ 104.225568336000038, -3.403777802999969, 0.0 ], [ 104.225987343000043, -3.404014460999974, 0.0 ], [ 104.226905427000077, -3.404513526999949, 0.0 ], [ 104.227528835000044, -3.404856522999978, 0.0 ], [ 104.227625924000051, -3.404909686999929, 0.0 ], [ 104.228157391000082, -3.405156709999972, 0.0 ], [ 104.229114718000062, -3.405595870999946, 0.0 ], [ 104.229639373000055, -3.405836037999961, 0.0 ], [ 104.22996708800008, -3.405991171999972, 0.0 ], [ 104.230237274000046, -3.406119072999957, 0.0 ], [ 104.230772174000037, -3.406335272999968, 0.0 ], [ 104.231382028000041, -3.40658235799998, 0.0 ], [ 104.232153901000061, -3.406663462999973, 0.0 ], [ 104.232841850000057, -3.40674321399996, 0.0 ], [ 104.233851296000068, -3.40700517199997, 0.0 ], [ 104.234153509000066, -3.407088519999945, 0.0 ], [ 104.233839699000043, -3.407523726999955, 0.0 ], [ 104.232737311000051, -3.408195501999955, 0.0 ], [ 104.230876853000041, -3.410362027999952, 0.0 ], [ 104.230122724000069, -3.413372842999934, 0.0 ], [ 104.229854346000081, -3.414169464999929, 0.0 ], [ 104.230033284000058, -3.415768454999977, 0.0 ], [ 104.230166767000071, -3.416254944999935, 0.0 ], [ 104.230690454000069, -3.418138797999973, 0.0 ], [ 104.230764166000085, -3.418373292999945, 0.0 ], [ 104.231214317000081, -3.419805331999953, 0.0 ], [ 104.231589160000055, -3.420835797999928, 0.0 ], [ 104.231820561000063, -3.421471932999964, 0.0 ], [ 104.231809979000047, -3.421605607999936, 0.0 ], [ 104.231799498000044, -3.421738010999945, 0.0 ], [ 104.231816934000051, -3.421759756999961, 0.0 ], [ 104.232018027000038, -3.422045791999949, 0.0 ], [ 104.232136010000033, -3.422274585999958, 0.0 ], [ 104.232407040000055, -3.422670627999935, 0.0 ], [ 104.232971836000047, -3.42238520799998, 0.0 ], [ 104.233186406000073, -3.422235846999968, 0.0 ], [ 104.233426898000062, -3.42250871899995, 0.0 ], [ 104.233549163000077, -3.422684051999966, 0.0 ], [ 104.233592835000081, -3.42280283499997, 0.0 ], [ 104.233741490000057, -3.42298767099993, 0.0 ], [ 104.233833254000047, -3.42316806599996, 0.0 ], [ 104.234069672000032, -3.423058302999948, 0.0 ], [ 104.234192090000079, -3.423216732999947, 0.0 ], [ 104.234362551000061, -3.423498344999928, 0.0 ], [ 104.234532955000077, -3.423850324999933, 0.0 ], [ 104.234594100000038, -3.424008703999959, 0.0 ], [ 104.234622371000057, -3.424044747999972, 0.0 ], [ 104.234882011000082, -3.423919181999963, 0.0 ], [ 104.235150185000066, -3.423776459999942, 0.0 ], [ 104.235369142000081, -3.423611707999953, 0.0 ], [ 104.235599057000059, -3.423424974999932, 0.0 ], [ 104.235670190000064, -3.423371033999956, 0.0 ], [ 104.235692334000078, -3.42335424099997, 0.0 ], [ 104.235895176000042, -3.423642915999949, 0.0 ], [ 104.236042111000074, -3.423790807999978, 0.0 ], [ 104.236150584000086, -3.423871817999952, 0.0 ], [ 104.236041679000039, -3.424336165999932, 0.0 ], [ 104.236027586000034, -3.424448746999929, 0.0 ], [ 104.236125491000053, -3.424610671999972, 0.0 ], [ 104.236306657000057, -3.424807681999937, 0.0 ], [ 104.236650147000034, -3.424679283999978, 0.0 ], [ 104.236993038000037, -3.424533704999931, 0.0 ], [ 104.237122735000071, -3.424533808999968, 0.0 ], [ 104.237172164000071, -3.424509022999928, 0.0 ], [ 104.237199933000056, -3.424540076999961, 0.0 ], [ 104.23726171900006, -3.424509092999926, 0.0 ], [ 104.237258677000057, -3.424450129999968, 0.0 ], [ 104.237326648000078, -3.424406738999949, 0.0 ], [ 104.237431671000081, -3.424369583999976, 0.0 ], [ 104.237403963000077, -3.424264050999966, 0.0 ], [ 104.237448333000088, -3.424252942999942, 0.0 ], [ 104.237465736000047, -3.42424858499993, 0.0 ], [ 104.23755538100005, -3.424133835999953, 0.0 ], [ 104.237580255000069, -3.423919731999945, 0.0 ], [ 104.237510258000043, -3.423828137999976, 0.0 ], [ 104.237426011000082, -3.42371789799995, 0.0 ], [ 104.237223892000088, -3.423529989999963, 0.0 ], [ 104.237211591000062, -3.423464811999963, 0.0 ], [ 104.237319738000053, -3.423384213999952, 0.0 ], [ 104.237221006000084, -3.423275521999926, 0.0 ], [ 104.237468224000054, -3.423055388999956, 0.0 ], [ 104.237039319000075, -3.422633004999966, 0.0 ], [ 104.237087227000075, -3.422578735999934, 0.0 ], [ 104.237232390000088, -3.422547819999977, 0.0 ], [ 104.237628010000037, -3.422104371999978, 0.0 ], [ 104.237695968000082, -3.422079599999961, 0.0 ], [ 104.237862612000072, -3.422219378999955, 0.0 ], [ 104.23816086000005, -3.42190153599995, 0.0 ], [ 104.237886220000064, -3.421653055999968, 0.0 ], [ 104.237966597000081, -3.421541401999946, 0.0 ], [ 104.238013, -3.421435929999973, 0.0 ], [ 104.238238556000056, -3.421274740999934, 0.0 ], [ 104.238379129000066, -3.421189513999934, 0.0 ], [ 104.238725201000079, -3.420922910999934, 0.0 ], [ 104.239083563000065, -3.42073389799998, 0.0 ], [ 104.240808922000042, -3.419864809999979, 0.0 ], [ 104.24097996100005, -3.420307157999957, 0.0 ], [ 104.241029343000037, -3.420341332999953, 0.0 ], [ 104.241897363000078, -3.419985146999977, 0.0 ], [ 104.241798832000086, -3.419621990999929, 0.0 ], [ 104.241438128000084, -3.418861408999931, 0.0 ], [ 104.241094451000038, -3.418046533999927, 0.0 ], [ 104.24184507700005, -3.417749216999937, 0.0 ], [ 104.242022299000041, -3.418185363999953, 0.0 ], [ 104.242081003000067, -3.418145067999944, 0.0 ], [ 104.242164378000041, -3.418148237999958, 0.0 ], [ 104.242260017000035, -3.418260029999942, 0.0 ], [ 104.242287771000065, -3.418309703999967, 0.0 ], [ 104.24234646900004, -3.418278717999954, 0.0 ], [ 104.242446736000034, -3.41839827299998, 0.0 ], [ 104.242551662000039, -3.418485246999978, 0.0 ], [ 104.242598026000053, -3.418432528999972, 0.0 ], [ 104.24283571400008, -3.418547536999938, 0.0 ], [ 104.243002434000061, -3.41859111399998, 0.0 ], [ 104.243027097000038, -3.418643888999952, 0.0 ], [ 104.243301803000065, -3.418808578999972, 0.0 ], [ 104.243440704000079, -3.418886268999927, 0.0 ], [ 104.243452984000044, -3.418979376999971, 0.0 ], [ 104.243659748000084, -3.419150219999949, 0.0 ], [ 104.243695190000039, -3.419241792999969, 0.0 ], [ 104.243735208000032, -3.419403192999937, 0.0 ], [ 104.243818522000083, -3.419483943999978, 0.0 ], [ 104.244065510000041, -3.419555515999946, 0.0 ], [ 104.244355689000088, -3.419679873999939, 0.0 ], [ 104.24443589200007, -3.419788550999954, 0.0 ], [ 104.244679746000088, -3.419919079999943, 0.0 ], [ 104.24473527300006, -3.419993601999977, 0.0 ], [ 104.244960605000074, -3.420114806999948, 0.0 ], [ 104.244994555000062, -3.420139659999961, 0.0 ], [ 104.245354089000045, -3.420423890999928, 0.0 ], [ 104.245542350000051, -3.42056368599998, 0.0 ], [ 104.245895738000058, -3.42079722099993, 0.0 ], [ 104.245437744000071, -3.421531569999956, 0.0 ], [ 104.244212670000081, -3.423481061999951, 0.0 ], [ 104.244063865000044, -3.42371944599995, 0.0 ], [ 104.243910826000047, -3.423964609999928, 0.0 ], [ 104.243765195000037, -3.424197904999971, 0.0 ], [ 104.243496392000054, -3.424628518999953, 0.0 ], [ 104.243121840000072, -3.425228537999942, 0.0 ], [ 104.242700914000068, -3.426148954999974, 0.0 ], [ 104.242526806000058, -3.426529667999944, 0.0 ], [ 104.24243345800005, -3.426733786999932, 0.0 ], [ 104.24243339800006, -3.426733935999948, 0.0 ], [ 104.242283212000075, -3.427104367999959, 0.0 ], [ 104.242264849000037, -3.427149658999951, 0.0 ], [ 104.242262061000076, -3.427156536999973, 0.0 ], [ 104.242261660000054, -3.427157523999938, 0.0 ], [ 104.242143481000085, -3.427449016999958, 0.0 ], [ 104.242170599000076, -3.42743390499993, 0.0 ], [ 104.242188192000071, -3.427438339999981, 0.0 ], [ 104.242194619000088, -3.427430498999968, 0.0 ], [ 104.242193092000036, -3.427444459999947, 0.0 ], [ 104.242161556000042, -3.42773283799994, 0.0 ], [ 104.241931849000082, -3.428725168999961, 0.0 ] ] ] ] } },
{ "type": "Feature", "properties": { "fid": 175.0, "OBJECTID": 10630.0, "NAMOBJ": "Gunung Ibul", "FCODE": "BA03070040", "REMARK": null, "METADATA": "TASWIL1000020230928_DATA_BATAS_DESAKELURAHAN", "SRS_ID": "SRGI 2013", "KDBBPS": null, "KDCBPS": null, "KDCPUM": "16.74.02", "KDEBPS": null, "KDEPUM": "16.74.02.1007", "KDPBPS": null, "KDPKAB": "16.74", "KDPPUM": "16", "LUASWH": 1099.4740926639843, "TIPADM": 2.0, "WADMKC": "Prabumulih Timur", "WADMKD": "Gunung Ibul", "WADMKK": "Kota Prabumulih", "WADMPR": "Sumatera Selatan", "WIADKC": null, "WIADKK": null, "WIADPR": null, "WIADKD": null, "UUPP": "Hasil Delineasi Batas Desa 2018", "Shape_Leng": 0.124000298132719, "Shape_Area": 0.00089476455921299995 }, "geometry": { "type": "MultiPolygon", "coordinates": [ [ [ [ 104.295565152000052, -3.393337517999953, 0.0 ], [ 104.297868915000038, -3.393333092999967, 0.0 ], [ 104.300397579000048, -3.393334932999949, 0.0 ], [ 104.302743854000084, -3.393385501999944, 0.0 ], [ 104.304567447000068, -3.393337951999968, 0.0 ], [ 104.305691504000038, -3.393515459999946, 0.0 ], [ 104.307644120000077, -3.393606062999936, 0.0 ], [ 104.310151365000081, -3.393775847999962, 0.0 ], [ 104.310306740000044, -3.39378636899994, 0.0 ], [ 104.311460533000059, -3.393876392999971, 0.0 ], [ 104.314300297000045, -3.394592000999978, 0.0 ], [ 104.316252543000076, -3.395217773999946, 0.0 ], [ 104.317583670000033, -3.395575508999968, 0.0 ], [ 104.318508362000046, -3.395885992999979, 0.0 ], [ 104.319713376000038, -3.396290599999929, 0.0 ], [ 104.319745001000058, -3.39630997699993, 0.0 ], [ 104.321753953000041, -3.397540808999963, 0.0 ], [ 104.323705964000055, -3.398523361999935, 0.0 ], [ 104.324948093000046, -3.399237816999971, 0.0 ], [ 104.325923823000039, -3.400130481999952, 0.0 ], [ 104.327165771000068, -3.401112529999978, 0.0 ], [ 104.327988173000051, -3.402354099999968, 0.0 ], [ 104.328135480000071, -3.402282467999953, 0.0 ], [ 104.32826405600008, -3.402214692999962, 0.0 ], [ 104.328432940000084, -3.402137092999965, 0.0 ], [ 104.328569152000057, -3.402052902999969, 0.0 ], [ 104.328650902000049, -3.401969769999937, 0.0 ], [ 104.328728310000088, -3.40186474099994, 0.0 ], [ 104.328767587000073, -3.401770631999966, 0.0 ], [ 104.328776374000086, -3.401665555999955, 0.0 ], [ 104.328761220000047, -3.401527623999925, 0.0 ], [ 104.328727532000073, -3.401412666999931, 0.0 ], [ 104.328674250000063, -3.401284560999954, 0.0 ], [ 104.328614431000062, -3.401156448999927, 0.0 ], [ 104.328570931000058, -3.401056807999964, 0.0 ], [ 104.328553572000033, -3.40095718699996, 0.0 ], [ 104.328552567000088, -3.400834588999942, 0.0 ], [ 104.328565712000056, -3.40072842099994, 0.0 ], [ 104.328613718000042, -3.400612425999952, 0.0 ], [ 104.328700950000041, -3.400475660999973, 0.0 ], [ 104.32880343100004, -3.400341094999931, 0.0 ], [ 104.328844868000033, -3.400274352999929, 0.0 ], [ 104.328895028000034, -3.400193385999955, 0.0 ], [ 104.328946289000044, -3.400096001999941, 0.0 ], [ 104.328979013000037, -3.400027063999971, 0.0 ], [ 104.328979051000033, -3.399972332999937, 0.0 ], [ 104.32898128000005, -3.399900090999949, 0.0 ], [ 104.328982431000043, -3.399811426999975, 0.0 ], [ 104.328989041000057, -3.399701971999946, 0.0 ], [ 104.329001076000054, -3.399624262999964, 0.0 ], [ 104.329047979000052, -3.399530158999937, 0.0 ], [ 104.329125366000085, -3.39945359099994, 0.0 ], [ 104.329185301000052, -3.399414225999976, 0.0 ], [ 104.329257215000041, -3.39937705899996, 0.0 ], [ 104.329360707000035, -3.399355237999941, 0.0 ], [ 104.329454385000076, -3.399347641999952, 0.0 ], [ 104.329561130000059, -3.399347716999955, 0.0 ], [ 104.329699466000079, -3.39934124499996, 0.0 ], [ 104.329819290000046, -3.399328193999963, 0.0 ], [ 104.330019742000047, -3.399277979999965, 0.0 ], [ 104.330153758000051, -3.399216775999946, 0.0 ], [ 104.330243117000066, -3.39915663499994, 0.0 ], [ 104.330248844000039, -3.399147486999937, 0.0 ], [ 104.336840611000071, -3.400393063999957, 0.0 ], [ 104.336425034000058, -3.400995553999962, 0.0 ], [ 104.334673248000058, -3.403535212999941, 0.0 ], [ 104.332813004000059, -3.408269372999939, 0.0 ], [ 104.331206401000088, -3.41235798799994, 0.0 ], [ 104.329679154000075, -3.416244608999932, 0.0 ], [ 104.327043694000054, -3.422951366999939, 0.0 ], [ 104.326109018000068, -3.425329912999928, 0.0 ], [ 104.326065892000088, -3.425432047999948, 0.0 ], [ 104.326049074000082, -3.425471877999939, 0.0 ], [ 104.324608573000035, -3.428883397999925, 0.0 ], [ 104.322117846000083, -3.43478207499993, 0.0 ], [ 104.321386949000043, -3.436513007999963, 0.0 ], [ 104.321194390000073, -3.437105901999928, 0.0 ], [ 104.320949409000036, -3.437860201999968, 0.0 ], [ 104.31938875700007, -3.442665481999938, 0.0 ], [ 104.31801082800007, -3.446908148999967, 0.0 ], [ 104.317410399000039, -3.44875684799996, 0.0 ], [ 104.31715209500004, -3.449552152999956, 0.0 ], [ 104.316215581000051, -3.450488908999944, 0.0 ], [ 104.314151442000082, -3.452553569999964, 0.0 ], [ 104.311413507000054, -3.454855854999948, 0.0 ], [ 104.306632466000053, -3.455789673999959, 0.0 ], [ 104.305225088000043, -3.456064552999976, 0.0 ], [ 104.296576280000068, -3.457039322999947, 0.0 ], [ 104.295867546000068, -3.457119200999955, 0.0 ], [ 104.283075046000079, -3.456947894999928, 0.0 ], [ 104.280982632000075, -3.456919858999925, 0.0 ], [ 104.279993430000047, -3.456906603999926, 0.0 ], [ 104.279051147000075, -3.457863989999964, 0.0 ], [ 104.278857892000076, -3.458060341999953, 0.0 ], [ 104.27642576900007, -3.460531430999936, 0.0 ], [ 104.277086187000066, -3.462816672999963, 0.0 ], [ 104.28290929800005, -3.466547439999943, 0.0 ], [ 104.28393163700008, -3.467202429999929, 0.0 ], [ 104.287559489000046, -3.469526696999935, 0.0 ], [ 104.291086975000042, -3.471786639999948, 0.0 ], [ 104.292458943000042, -3.472665608999932, 0.0 ], [ 104.293173533000072, -3.473186625999972, 0.0 ], [ 104.293578596000089, -3.473481961999937, 0.0 ], [ 104.294441578000033, -3.474111171999937, 0.0 ], [ 104.294989289000057, -3.474510513999974, 0.0 ], [ 104.295625190000067, -3.475836665999964, 0.0 ], [ 104.295820855000045, -3.476244718999965, 0.0 ], [ 104.295160353000085, -3.476564758999928, 0.0 ], [ 104.293225323000058, -3.477541970999937, 0.0 ], [ 104.292980604000036, -3.477351445999943, 0.0 ], [ 104.292120366000063, -3.47645949799994, 0.0 ], [ 104.291077400000063, -3.475724697999965, 0.0 ], [ 104.289434688000085, -3.474622438999972, 0.0 ], [ 104.288117793000083, -3.473900539999931, 0.0 ], [ 104.286527127000056, -3.472981818999926, 0.0 ], [ 104.285405768000032, -3.472430458999952, 0.0 ], [ 104.283958074000054, -3.471753705999959, 0.0 ], [ 104.283945368000047, -3.471747766999954, 0.0 ], [ 104.281128806000083, -3.47053974499994, 0.0 ], [ 104.279459712000062, -3.469856887999924, 0.0 ], [ 104.27771277800008, -3.468623459999947, 0.0 ], [ 104.276669851000065, -3.467862435999962, 0.0 ], [ 104.275209945000086, -3.466550580999979, 0.0 ], [ 104.274519715000054, -3.465121351999926, 0.0 ], [ 104.27444223100008, -3.464098920999959, 0.0 ], [ 104.274782057000039, -3.463129238999954, 0.0 ], [ 104.274526379000065, -3.463110686999926, 0.0 ], [ 104.274085632000038, -3.46307871099998, 0.0 ], [ 104.274051697000061, -3.463076248999926, 0.0 ], [ 104.273112711000067, -3.462865808999936, 0.0 ], [ 104.271782453000071, -3.462602637999964, 0.0 ], [ 104.269435071000032, -3.461971672999937, 0.0 ], [ 104.268365810000034, -3.461551410999959, 0.0 ], [ 104.267192465000051, -3.460790277999934, 0.0 ], [ 104.265758611000081, -3.459557076999943, 0.0 ], [ 104.264872350000076, -3.458638876999942, 0.0 ], [ 104.263777455000081, -3.457641869999975, 0.0 ], [ 104.261639379000087, -3.456250828999941, 0.0 ], [ 104.260100765000061, -3.455568048999965, 0.0 ], [ 104.259331245000055, -3.455501910999942, 0.0 ], [ 104.257192223000061, -3.455342944999927, 0.0 ], [ 104.255810527000051, -3.454162203999942, 0.0 ], [ 104.254532729000061, -3.45355826399998, 0.0 ], [ 104.25322895000005, -3.452823229999979, 0.0 ], [ 104.251455426000064, -3.452323752999973, 0.0 ], [ 104.251469861000032, -3.452371365999966, 0.0 ], [ 104.251453312000081, -3.452352749999932, 0.0 ], [ 104.251414785000065, -3.452236297999946, 0.0 ], [ 104.251312117000055, -3.451835209999956, 0.0 ], [ 104.251177404000032, -3.451258655999936, 0.0 ], [ 104.251087544000086, -3.450424836999957, 0.0 ], [ 104.251038288000075, -3.449111014999971, 0.0 ], [ 104.250914003000048, -3.447291831999962, 0.0 ], [ 104.250764060000051, -3.446129520999932, 0.0 ], [ 104.250162096000054, -3.444284695999954, 0.0 ], [ 104.249559936000082, -3.442692520999969, 0.0 ], [ 104.24923412000004, -3.441378480999958, 0.0 ], [ 104.248908382000081, -3.439963379999938, 0.0 ], [ 104.248080267000034, -3.437966786999937, 0.0 ], [ 104.247578303000068, -3.436854726999968, 0.0 ], [ 104.246858253000084, -3.436054413999955, 0.0 ], [ 104.246846583000035, -3.436041443999954, 0.0 ], [ 104.246667239000033, -3.436136673999954, 0.0 ], [ 104.246429869000053, -3.436268947999963, 0.0 ], [ 104.246192486000041, -3.436417115999973, 0.0 ], [ 104.246028956000032, -3.436517657999957, 0.0 ], [ 104.245765218000088, -3.436655207999934, 0.0 ], [ 104.245543660000067, -3.436792792999938, 0.0 ], [ 104.245306302000074, -3.436909170999968, 0.0 ], [ 104.245090030000085, -3.437030863999951, 0.0 ], [ 104.244852655000045, -3.437168434999933, 0.0 ], [ 104.244709635000049, -3.437336282999979, 0.0 ], [ 104.244675914000084, -3.437306584999931, 0.0 ], [ 104.244562107000036, -3.43720052499998, 0.0 ], [ 104.244397744000082, -3.437022365999951, 0.0 ], [ 104.244262864000063, -3.436895095999944, 0.0 ], [ 104.244058464000034, -3.436672398999974, 0.0 ], [ 104.244033255000033, -3.436545214999967, 0.0 ], [ 104.243966006000051, -3.436239969999974, 0.0 ], [ 104.243919748000053, -3.436061904999974, 0.0 ], [ 104.243890390000047, -3.435845704999963, 0.0 ], [ 104.243846288000043, -3.435606178999933, 0.0 ], [ 104.243804229000034, -3.435453548999931, 0.0 ], [ 104.243597627000042, -3.435347417999935, 0.0 ], [ 104.243517537000059, -3.435279532999971, 0.0 ], [ 104.243496533000041, -3.435169307999956, 0.0 ], [ 104.24340810800004, -3.434974254999929, 0.0 ], [ 104.243311219000077, -3.434813103999943, 0.0 ], [ 104.243235393000077, -3.43468588099995, 0.0 ], [ 104.243103721000068, -3.434505628999943, 0.0 ], [ 104.243014042000084, -3.434563838999964, 0.0 ], [ 104.24287687900005, -3.434659103999934, 0.0 ], [ 104.242845131000081, -3.434802135999973, 0.0 ], [ 104.242739558000039, -3.434955708999951, 0.0 ], [ 104.242655051000042, -3.435141085999931, 0.0 ], [ 104.242596897000055, -3.435337082999979, 0.0 ], [ 104.242538852000052, -3.43539532099993, 0.0 ], [ 104.242417449000072, -3.435564773999943, 0.0 ], [ 104.242280149000067, -3.435834884999963, 0.0 ], [ 104.24214820900005, -3.435993734999954, 0.0 ], [ 104.242111314000056, -3.43597781099993, 0.0 ], [ 104.241969016000041, -3.435898219999956, 0.0 ], [ 104.24180037800005, -3.435792115999959, 0.0 ], [ 104.241658038000082, -3.435765510999943, 0.0 ], [ 104.241543619000083, -3.43577124799998, 0.0 ], [ 104.241408603000082, -3.435817766999946, 0.0 ], [ 104.241290488000061, -3.435830388999932, 0.0 ], [ 104.241125990000057, -3.435821779999969, 0.0 ], [ 104.240974142000084, -3.435817419999978, 0.0 ], [ 104.240792768000063, -3.435813036999946, 0.0 ], [ 104.240716882000072, -3.435762109999928, 0.0 ], [ 104.240615639000055, -3.435774745999936, 0.0 ], [ 104.240525511000044, -3.435799369999927, 0.0 ], [ 104.240525537000053, -3.435766164999961, 0.0 ], [ 104.240592717000084, -3.43526290099993, 0.0 ], [ 104.240710113000034, -3.434591903999944, 0.0 ], [ 104.240793961000065, -3.434122207999962, 0.0 ], [ 104.240928068000073, -3.433434446999968, 0.0 ], [ 104.24092203500004, -3.433430977999933, 0.0 ], [ 104.24095913900004, -3.433229456999925, 0.0 ], [ 104.241200728000081, -3.432119137999962, 0.0 ], [ 104.241305061000048, -3.43162443999995, 0.0 ], [ 104.241403925000043, -3.431129736999935, 0.0 ], [ 104.241412236000087, -3.431089253999971, 0.0 ], [ 104.241486302000055, -3.430728479999971, 0.0 ], [ 104.241642806000073, -3.429978185999971, 0.0 ], [ 104.241763566000088, -3.429467006999971, 0.0 ], [ 104.24187336600005, -3.428977810999925, 0.0 ], [ 104.241931849000082, -3.428725168999961, 0.0 ], [ 104.242161556000042, -3.42773283799994, 0.0 ], [ 104.242193092000036, -3.427444459999947, 0.0 ], [ 104.242194619000088, -3.427430498999968, 0.0 ], [ 104.242188192000071, -3.427438339999981, 0.0 ], [ 104.242170599000076, -3.42743390499993, 0.0 ], [ 104.242143481000085, -3.427449016999958, 0.0 ], [ 104.242261660000054, -3.427157523999938, 0.0 ], [ 104.242262061000076, -3.427156536999973, 0.0 ], [ 104.242264849000037, -3.427149658999951, 0.0 ], [ 104.242283212000075, -3.427104367999959, 0.0 ], [ 104.24243339800006, -3.426733935999948, 0.0 ], [ 104.24243345800005, -3.426733786999932, 0.0 ], [ 104.242526806000058, -3.426529667999944, 0.0 ], [ 104.242700914000068, -3.426148954999974, 0.0 ], [ 104.243121840000072, -3.425228537999942, 0.0 ], [ 104.243496392000054, -3.424628518999953, 0.0 ], [ 104.243765195000037, -3.424197904999971, 0.0 ], [ 104.243910826000047, -3.423964609999928, 0.0 ], [ 104.244063865000044, -3.42371944599995, 0.0 ], [ 104.244212670000081, -3.423481061999951, 0.0 ], [ 104.245437744000071, -3.421531569999956, 0.0 ], [ 104.245895738000058, -3.42079722099993, 0.0 ], [ 104.245542350000051, -3.42056368599998, 0.0 ], [ 104.245354089000045, -3.420423890999928, 0.0 ], [ 104.244994555000062, -3.420139659999961, 0.0 ], [ 104.244960605000074, -3.420114806999948, 0.0 ], [ 104.24473527300006, -3.419993601999977, 0.0 ], [ 104.244679746000088, -3.419919079999943, 0.0 ], [ 104.24443589200007, -3.419788550999954, 0.0 ], [ 104.244355689000088, -3.419679873999939, 0.0 ], [ 104.244065510000041, -3.419555515999946, 0.0 ], [ 104.243818522000083, -3.419483943999978, 0.0 ], [ 104.243735208000032, -3.419403192999937, 0.0 ], [ 104.243695190000039, -3.419241792999969, 0.0 ], [ 104.243659748000084, -3.419150219999949, 0.0 ], [ 104.243452984000044, -3.418979376999971, 0.0 ], [ 104.243440704000079, -3.418886268999927, 0.0 ], [ 104.243301803000065, -3.418808578999972, 0.0 ], [ 104.243027097000038, -3.418643888999952, 0.0 ], [ 104.243002434000061, -3.41859111399998, 0.0 ], [ 104.24283571400008, -3.418547536999938, 0.0 ], [ 104.242598026000053, -3.418432528999972, 0.0 ], [ 104.242551662000039, -3.418485246999978, 0.0 ], [ 104.242446736000034, -3.41839827299998, 0.0 ], [ 104.24234646900004, -3.418278717999954, 0.0 ], [ 104.242287771000065, -3.418309703999967, 0.0 ], [ 104.242260017000035, -3.418260029999942, 0.0 ], [ 104.242164378000041, -3.418148237999958, 0.0 ], [ 104.242081003000067, -3.418145067999944, 0.0 ], [ 104.242022299000041, -3.418185363999953, 0.0 ], [ 104.24184507700005, -3.417749216999937, 0.0 ], [ 104.241094451000038, -3.418046533999927, 0.0 ], [ 104.241438128000084, -3.418861408999931, 0.0 ], [ 104.241798832000086, -3.419621990999929, 0.0 ], [ 104.241897363000078, -3.419985146999977, 0.0 ], [ 104.241029343000037, -3.420341332999953, 0.0 ], [ 104.24097996100005, -3.420307157999957, 0.0 ], [ 104.240808922000042, -3.419864809999979, 0.0 ], [ 104.239083563000065, -3.42073389799998, 0.0 ], [ 104.238725201000079, -3.420922910999934, 0.0 ], [ 104.238379129000066, -3.421189513999934, 0.0 ], [ 104.238238556000056, -3.421274740999934, 0.0 ], [ 104.238013, -3.421435929999973, 0.0 ], [ 104.237966597000081, -3.421541401999946, 0.0 ], [ 104.237886220000064, -3.421653055999968, 0.0 ], [ 104.23816086000005, -3.42190153599995, 0.0 ], [ 104.237862612000072, -3.422219378999955, 0.0 ], [ 104.237695968000082, -3.422079599999961, 0.0 ], [ 104.237628010000037, -3.422104371999978, 0.0 ], [ 104.237232390000088, -3.422547819999977, 0.0 ], [ 104.237087227000075, -3.422578735999934, 0.0 ], [ 104.237039319000075, -3.422633004999966, 0.0 ], [ 104.237468224000054, -3.423055388999956, 0.0 ], [ 104.237221006000084, -3.423275521999926, 0.0 ], [ 104.237319738000053, -3.423384213999952, 0.0 ], [ 104.237211591000062, -3.423464811999963, 0.0 ], [ 104.237223892000088, -3.423529989999963, 0.0 ], [ 104.237426011000082, -3.42371789799995, 0.0 ], [ 104.237510258000043, -3.423828137999976, 0.0 ], [ 104.237580255000069, -3.423919731999945, 0.0 ], [ 104.23755538100005, -3.424133835999953, 0.0 ], [ 104.237465736000047, -3.42424858499993, 0.0 ], [ 104.237448333000088, -3.424252942999942, 0.0 ], [ 104.237403963000077, -3.424264050999966, 0.0 ], [ 104.237431671000081, -3.424369583999976, 0.0 ], [ 104.237326648000078, -3.424406738999949, 0.0 ], [ 104.237258677000057, -3.424450129999968, 0.0 ], [ 104.23726171900006, -3.424509092999926, 0.0 ], [ 104.237199933000056, -3.424540076999961, 0.0 ], [ 104.237172164000071, -3.424509022999928, 0.0 ], [ 104.237122735000071, -3.424533808999968, 0.0 ], [ 104.236993038000037, -3.424533704999931, 0.0 ], [ 104.236650147000034, -3.424679283999978, 0.0 ], [ 104.236306657000057, -3.424807681999937, 0.0 ], [ 104.236125491000053, -3.424610671999972, 0.0 ], [ 104.236027586000034, -3.424448746999929, 0.0 ], [ 104.236041679000039, -3.424336165999932, 0.0 ], [ 104.236150584000086, -3.423871817999952, 0.0 ], [ 104.236042111000074, -3.423790807999978, 0.0 ], [ 104.235895176000042, -3.423642915999949, 0.0 ], [ 104.235692334000078, -3.42335424099997, 0.0 ], [ 104.235670190000064, -3.423371033999956, 0.0 ], [ 104.235599057000059, -3.423424974999932, 0.0 ], [ 104.235369142000081, -3.423611707999953, 0.0 ], [ 104.235150185000066, -3.423776459999942, 0.0 ], [ 104.234882011000082, -3.423919181999963, 0.0 ], [ 104.234622371000057, -3.424044747999972, 0.0 ], [ 104.234594100000038, -3.424008703999959, 0.0 ], [ 104.234532955000077, -3.423850324999933, 0.0 ], [ 104.234362551000061, -3.423498344999928, 0.0 ], [ 104.234192090000079, -3.423216732999947, 0.0 ], [ 104.234069672000032, -3.423058302999948, 0.0 ], [ 104.233833254000047, -3.42316806599996, 0.0 ], [ 104.233741490000057, -3.42298767099993, 0.0 ], [ 104.233592835000081, -3.42280283499997, 0.0 ], [ 104.233549163000077, -3.422684051999966, 0.0 ], [ 104.233426898000062, -3.42250871899995, 0.0 ], [ 104.233186406000073, -3.422235846999968, 0.0 ], [ 104.232971836000047, -3.42238520799998, 0.0 ], [ 104.232407040000055, -3.422670627999935, 0.0 ], [ 104.232136010000033, -3.422274585999958, 0.0 ], [ 104.232018027000038, -3.422045791999949, 0.0 ], [ 104.231816934000051, -3.421759756999961, 0.0 ], [ 104.231799498000044, -3.421738010999945, 0.0 ], [ 104.231809979000047, -3.421605607999936, 0.0 ], [ 104.231820561000063, -3.421471932999964, 0.0 ], [ 104.231589160000055, -3.420835797999928, 0.0 ], [ 104.231214317000081, -3.419805331999953, 0.0 ], [ 104.230764166000085, -3.418373292999945, 0.0 ], [ 104.230690454000069, -3.418138797999973, 0.0 ], [ 104.230166767000071, -3.416254944999935, 0.0 ], [ 104.230033284000058, -3.415768454999977, 0.0 ], [ 104.229854346000081, -3.414169464999929, 0.0 ], [ 104.230122724000069, -3.413372842999934, 0.0 ], [ 104.230876853000041, -3.410362027999952, 0.0 ], [ 104.232737311000051, -3.408195501999955, 0.0 ], [ 104.233839699000043, -3.407523726999955, 0.0 ], [ 104.234153509000066, -3.407088519999945, 0.0 ], [ 104.234302773000081, -3.407129685999962, 0.0 ], [ 104.23427760900006, -3.407059969999978, 0.0 ], [ 104.234330782000086, -3.407080571999927, 0.0 ], [ 104.235309576000077, -3.406344071999968, 0.0 ], [ 104.235472870000081, -3.406016521999959, 0.0 ], [ 104.23571011100006, -3.405105558999935, 0.0 ], [ 104.235718165000037, -3.405074633999959, 0.0 ], [ 104.235800458000085, -3.40409165899996, 0.0 ], [ 104.236290046000079, -3.403477645999942, 0.0 ], [ 104.237024122000037, -3.402945746999933, 0.0 ], [ 104.238818438000067, -3.401759327999969, 0.0 ], [ 104.239838239000051, -3.400695172999974, 0.0 ], [ 104.240470463000065, -3.40010174899993, 0.0 ], [ 104.241123529000049, -3.398914422999951, 0.0 ], [ 104.241532105000033, -3.397644979999939, 0.0 ], [ 104.241818502000058, -3.396252559999937, 0.0 ], [ 104.242553399000087, -3.394655692999947, 0.0 ], [ 104.243410314000073, -3.393386600999975, 0.0 ], [ 104.243593315000055, -3.393274409999947, 0.0 ], [ 104.244144314000039, -3.392936615999929, 0.0 ], [ 104.244756134000056, -3.392363651999972, 0.0 ], [ 104.245612473000051, -3.391831841999931, 0.0 ], [ 104.247569726000052, -3.390727445999971, 0.0 ], [ 104.250423754000053, -3.389500862999967, 0.0 ], [ 104.252585199000066, -3.387864129999969, 0.0 ], [ 104.254990280000072, -3.387415426999951, 0.0 ], [ 104.256193005000057, -3.38731278399996, 0.0 ], [ 104.256869686000073, -3.387339697999948, 0.0 ], [ 104.257241825000051, -3.387361153999962, 0.0 ], [ 104.257512118000079, -3.387421342999971, 0.0 ], [ 104.257778880000046, -3.387509755999929, 0.0 ], [ 104.258091265000076, -3.387622901999976, 0.0 ], [ 104.258703731000082, -3.387868589999925, 0.0 ], [ 104.258921337000061, -3.38796049299998, 0.0 ], [ 104.259188058000063, -3.388101830999972, 0.0 ], [ 104.259419703000049, -3.388200799999936, 0.0 ], [ 104.25970047900006, -3.388328035999962, 0.0 ], [ 104.259932090000063, -3.388469345999965, 0.0 ], [ 104.260202292000088, -3.38865302499994, 0.0 ], [ 104.260495312000046, -3.388838484999951, 0.0 ], [ 104.260663726000075, -3.388983275999976, 0.0 ], [ 104.260870735000083, -3.389159849999942, 0.0 ], [ 104.261116344000072, -3.389364679999971, 0.0 ], [ 104.261400541000057, -3.389611879999961, 0.0 ], [ 104.261681950000082, -3.390023744999951, 0.0 ], [ 104.264016569000034, -3.391634243999931, 0.0 ], [ 104.266121040000087, -3.392918541999961, 0.0 ], [ 104.267276862000074, -3.393439592999925, 0.0 ], [ 104.267276808000076, -3.393511650999926, 0.0 ], [ 104.267236406000052, -3.393601691999947, 0.0 ], [ 104.267180273000065, -3.393754773999945, 0.0 ], [ 104.267182056000081, -3.393781985999965, 0.0 ], [ 104.267802028000062, -3.394138582999972, 0.0 ], [ 104.268444952000038, -3.394540290999942, 0.0 ], [ 104.268977059000065, -3.394830465999974, 0.0 ], [ 104.269575723000059, -3.395098399999938, 0.0 ], [ 104.270130079000069, -3.395299430999955, 0.0 ], [ 104.271615587000042, -3.39605841599996, 0.0 ], [ 104.272269612000059, -3.396448985999939, 0.0 ], [ 104.272735131000047, -3.396805978999964, 0.0 ], [ 104.272912256000041, -3.397229623999976, 0.0 ], [ 104.272956348000037, -3.397586296999975, 0.0 ], [ 104.273357848000046, -3.398078795999936, 0.0 ], [ 104.274885970000071, -3.397676912999941, 0.0 ], [ 104.276949337000076, -3.396876025999973, 0.0 ], [ 104.279190142000061, -3.396075262999943, 0.0 ], [ 104.281053832000055, -3.395341085999974, 0.0 ], [ 104.283294847000036, -3.394250542999941, 0.0 ], [ 104.284493057000077, -3.393605021999974, 0.0 ], [ 104.284713573000033, -3.393423655999925, 0.0 ], [ 104.284757239000044, -3.393395490999978, 0.0 ], [ 104.286660183000038, -3.393263769999976, 0.0 ], [ 104.289030781000065, -3.393289957999968, 0.0 ], [ 104.290130933000057, -3.393300728999975, 0.0 ], [ 104.291729624000084, -3.393316379999931, 0.0 ], [ 104.294814540000061, -3.39333338299997, 0.0 ], [ 104.295565152000052, -3.393337517999953, 0.0 ] ] ] ] } },
{ "type": "Feature", "properties": { "fid": 177.0, "OBJECTID": 10513.0, "NAMOBJ": "Cambai", "FCODE": "BA03070040", "REMARK": null, "METADATA": "TASWIL1000020230928_DATA_BATAS_DESAKELURAHAN", "SRS_ID": "SRGI 2013", "KDBBPS": null, "KDCBPS": null, "KDCPUM": "16.74.03", "KDEBPS": null, "KDEPUM": "16.74.03.1001", "KDPBPS": null, "KDPKAB": "16.74", "KDPPUM": "16", "LUASWH": 1132.1130609380616, "TIPADM": 2.0, "WADMKC": "Cambai", "WADMKD": "Cambai", "WADMKK": "Kota Prabumulih", "WADMPR": "Sumatera Selatan", "WIADKC": null, "WIADKK": null, "WIADPR": null, "WIADKD": null, "UUPP": "Hasil Delineasi Batas Desa 2018", "Shape_Leng": 0.121983557322434, "Shape_Area": 0.00092129738448799999 }, "geometry": { "type": "MultiPolygon", "coordinates": [ [ [ [ 104.254990280000072, -3.387415426999951, 0.0 ], [ 104.252585199000066, -3.387864129999969, 0.0 ], [ 104.250423754000053, -3.389500862999967, 0.0 ], [ 104.247569726000052, -3.390727445999971, 0.0 ], [ 104.245612473000051, -3.391831841999931, 0.0 ], [ 104.244756134000056, -3.392363651999972, 0.0 ], [ 104.244144314000039, -3.392936615999929, 0.0 ], [ 104.243593315000055, -3.393274409999947, 0.0 ], [ 104.243410314000073, -3.393386600999975, 0.0 ], [ 104.242553399000087, -3.394655692999947, 0.0 ], [ 104.241818502000058, -3.396252559999937, 0.0 ], [ 104.241532105000033, -3.397644979999939, 0.0 ], [ 104.241123529000049, -3.398914422999951, 0.0 ], [ 104.240470463000065, -3.40010174899993, 0.0 ], [ 104.239838239000051, -3.400695172999974, 0.0 ], [ 104.238818438000067, -3.401759327999969, 0.0 ], [ 104.237024122000037, -3.402945746999933, 0.0 ], [ 104.236290046000079, -3.403477645999942, 0.0 ], [ 104.235800458000085, -3.40409165899996, 0.0 ], [ 104.235718165000037, -3.405074633999959, 0.0 ], [ 104.23571011100006, -3.405105558999935, 0.0 ], [ 104.235472870000081, -3.406016521999959, 0.0 ], [ 104.235309576000077, -3.406344071999968, 0.0 ], [ 104.234330782000086, -3.407080571999927, 0.0 ], [ 104.23427760900006, -3.407059969999978, 0.0 ], [ 104.234302773000081, -3.407129685999962, 0.0 ], [ 104.234153509000066, -3.407088519999945, 0.0 ], [ 104.233851296000068, -3.40700517199997, 0.0 ], [ 104.232841850000057, -3.40674321399996, 0.0 ], [ 104.232153901000061, -3.406663462999973, 0.0 ], [ 104.231382028000041, -3.40658235799998, 0.0 ], [ 104.230772174000037, -3.406335272999968, 0.0 ], [ 104.230237274000046, -3.406119072999957, 0.0 ], [ 104.22996708800008, -3.405991171999972, 0.0 ], [ 104.229639373000055, -3.405836037999961, 0.0 ], [ 104.229114718000062, -3.405595870999946, 0.0 ], [ 104.228157391000082, -3.405156709999972, 0.0 ], [ 104.227625924000051, -3.404909686999929, 0.0 ], [ 104.227528835000044, -3.404856522999978, 0.0 ], [ 104.226905427000077, -3.404513526999949, 0.0 ], [ 104.225987343000043, -3.404014460999974, 0.0 ], [ 104.225568336000038, -3.403777802999969, 0.0 ], [ 104.225254928000084, -3.403606303999936, 0.0 ], [ 104.225156132000052, -3.403558274999966, 0.0 ], [ 104.225030082000046, -3.403496523999934, 0.0 ], [ 104.22448158800006, -3.403235786999971, 0.0 ], [ 104.223914353000055, -3.402969896999934, 0.0 ], [ 104.223023136000052, -3.402547224999978, 0.0 ], [ 104.222467145000053, -3.402286480999976, 0.0 ], [ 104.222247762000052, -3.402164375999973, 0.0 ], [ 104.22142692400007, -3.401697920999936, 0.0 ], [ 104.221250328000053, -3.401599139999973, 0.0 ], [ 104.220234365000067, -3.401021832999959, 0.0 ], [ 104.220209287000046, -3.401014139999972, 0.0 ], [ 104.219187686000055, -3.400670271999957, 0.0 ], [ 104.218391774000054, -3.400404397999978, 0.0 ], [ 104.21823368400004, -3.400348373999975, 0.0 ], [ 104.217482506000067, -3.400057329999925, 0.0 ], [ 104.216112071000055, -3.399526856999955, 0.0 ], [ 104.214807054000062, -3.399018355999942, 0.0 ], [ 104.213530383000034, -3.398523027999943, 0.0 ], [ 104.213072486000044, -3.398342913999954, 0.0 ], [ 104.212218864000079, -3.397970679999958, 0.0 ], [ 104.21212741100004, -3.397930748999954, 0.0 ], [ 104.211464448000072, -3.397641269999951, 0.0 ], [ 104.210953065000069, -3.397521388999962, 0.0 ], [ 104.20978199700005, -3.397257392999961, 0.0 ], [ 104.209630449000088, -3.397205758999974, 0.0 ], [ 104.20940192900008, -3.397124906999977, 0.0 ], [ 104.208755620000034, -3.39689728899998, 0.0 ], [ 104.20794550800008, -3.39661394999996, 0.0 ], [ 104.207330912000032, -3.396397405999949, 0.0 ], [ 104.206832089000045, -3.396224165999968, 0.0 ], [ 104.206451611000034, -3.396089895999978, 0.0 ], [ 104.206140939000079, -3.395981326999959, 0.0 ], [ 104.205898346000083, -3.395896314999959, 0.0 ], [ 104.205706469000063, -3.395829042999935, 0.0 ], [ 104.205560869000067, -3.395777879999969, 0.0 ], [ 104.205349376000072, -3.395703872999945, 0.0 ], [ 104.205243642000084, -3.395666786999925, 0.0 ], [ 104.205139031000044, -3.395630078999943, 0.0 ], [ 104.205031237000071, -3.39559223699996, 0.0 ], [ 104.205009321000034, -3.395584687999929, 0.0 ], [ 104.204929624000044, -3.395556474999978, 0.0 ], [ 104.204885607000051, -3.395541186999935, 0.0 ], [ 104.20482164200007, -3.395518822999975, 0.0 ], [ 104.204786054000067, -3.39550636499996, 0.0 ], [ 104.204756459000066, -3.39549636199996, 0.0 ], [ 104.204610602000059, -3.395447508999951, 0.0 ], [ 104.204524965000076, -3.395418894999978, 0.0 ], [ 104.204441576000079, -3.395390581999948, 0.0 ], [ 104.204371223000066, -3.395367101999966, 0.0 ], [ 104.204276144000062, -3.39533516399996, 0.0 ], [ 104.204184814000087, -3.395304435999947, 0.0 ], [ 104.204095431000042, -3.395274613999959, 0.0 ], [ 104.204009193000047, -3.395245394999961, 0.0 ], [ 104.203947906000053, -3.395224857999949, 0.0 ], [ 104.20391621400006, -3.395214212999974, 0.0 ], [ 104.20385170600008, -3.395192694999935, 0.0 ], [ 104.20376142300006, -3.395162267999979, 0.0 ], [ 104.203674736000039, -3.395133200999965, 0.0 ], [ 104.203591348000032, -3.39510503899993, 0.0 ], [ 104.203515826000057, -3.395079670999962, 0.0 ], [ 104.203498817000082, -3.395074158999932, 0.0 ], [ 104.203409435000083, -3.395044033999966, 0.0 ], [ 104.203369274000067, -3.39503059499998, 0.0 ], [ 104.203357289000053, -3.395026517999952, 0.0 ], [ 104.203346949000036, -3.395023044999959, 0.0 ], [ 104.203326270000048, -3.395016097999928, 0.0 ], [ 104.20331705500007, -3.395013003999964, 0.0 ], [ 104.203239809000081, -3.394987106999963, 0.0 ], [ 104.203175375000058, -3.394965361999937, 0.0 ], [ 104.203168107000067, -3.394963021999956, 0.0 ], [ 104.203106673000036, -3.394937739999932, 0.0 ], [ 104.202997804000063, -3.394893236999962, 0.0 ], [ 104.202996204000044, -3.394892581999954, 0.0 ], [ 104.202992803000086, -3.394891193999968, 0.0 ], [ 104.202968131000034, -3.394882228999961, 0.0 ], [ 104.202902189000042, -3.394853350999938, 0.0 ], [ 104.202780335000057, -3.394804251999972, 0.0 ], [ 104.202631243000042, -3.39474359899998, 0.0 ], [ 104.202550103000078, -3.394709649999925, 0.0 ], [ 104.201245908000033, -3.394562926999924, 0.0 ], [ 104.199527613000043, -3.394216083999936, 0.0 ], [ 104.199163924000061, -3.394161627999949, 0.0 ], [ 104.198202017000085, -3.394017599999927, 0.0 ], [ 104.197171034000064, -3.393819358999963, 0.0 ], [ 104.196140053000079, -3.393621117999942, 0.0 ], [ 104.194176131000063, -3.393422096999927, 0.0 ], [ 104.193861811000033, -3.393361877999951, 0.0 ], [ 104.193868097000063, -3.39325291199998, 0.0 ], [ 104.194016935000036, -3.390673070999981, 0.0 ], [ 104.194018210000081, -3.389131034999934, 0.0 ], [ 104.194481536000069, -3.385507630999939, 0.0 ], [ 104.194534387000033, -3.382908928999939, 0.0 ], [ 104.194561504000035, -3.381575497999961, 0.0 ], [ 104.19487016800008, -3.379416901999946, 0.0 ], [ 104.194564683000067, -3.377720404999934, 0.0 ], [ 104.194182160000082, -3.376409353999975, 0.0 ], [ 104.193038100000081, -3.374249272999975, 0.0 ], [ 104.192956539000079, -3.374095275999935, 0.0 ], [ 104.192708095000057, -3.373641842999973, 0.0 ], [ 104.191730857000039, -3.371858298999939, 0.0 ], [ 104.191424741000048, -3.37093282099994, 0.0 ], [ 104.191425441000035, -3.370084700999939, 0.0 ], [ 104.19150267100008, -3.369467949999944, 0.0 ], [ 104.192271270000049, -3.367772348999949, 0.0 ], [ 104.192503334000037, -3.365459483999928, 0.0 ], [ 104.192658044000041, -3.36391757399997, 0.0 ], [ 104.192659374000073, -3.362298435999946, 0.0 ], [ 104.193043987000067, -3.361065123999936, 0.0 ], [ 104.193044304000068, -3.360679614999981, 0.0 ], [ 104.192967773000078, -3.36044824399994, 0.0 ], [ 104.194043110000052, -3.358907097999975, 0.0 ], [ 104.194108215000085, -3.358725817999925, 0.0 ], [ 104.199873659000048, -3.351774076999959, 0.0 ], [ 104.200379689000044, -3.352219797999965, 0.0 ], [ 104.200610004000055, -3.35242266399996, 0.0 ], [ 104.201452735000032, -3.353058947999955, 0.0 ], [ 104.203378606000058, -3.35451302599995, 0.0 ], [ 104.203626082000085, -3.354699876999973, 0.0 ], [ 104.203781769000045, -3.354847376999942, 0.0 ], [ 104.205226630000084, -3.35621625999994, 0.0 ], [ 104.205727842000044, -3.356691114999933, 0.0 ], [ 104.206189362000032, -3.357128363999948, 0.0 ], [ 104.206664130000036, -3.357686584999954, 0.0 ], [ 104.207575949000045, -3.358758676999969, 0.0 ], [ 104.207914102000075, -3.359156266999946, 0.0 ], [ 104.208379081000032, -3.359702975999937, 0.0 ], [ 104.209571338000046, -3.359846931999925, 0.0 ], [ 104.211047913000073, -3.360025214999951, 0.0 ], [ 104.212415242000077, -3.360190306999925, 0.0 ], [ 104.213457687000073, -3.360316171999955, 0.0 ], [ 104.217446713000072, -3.360797789999936, 0.0 ], [ 104.218669810000051, -3.360945460999972, 0.0 ], [ 104.222331991000033, -3.361387600999933, 0.0 ], [ 104.225047993000032, -3.361433093999949, 0.0 ], [ 104.22659871500008, -3.361459067999931, 0.0 ], [ 104.226660969000079, -3.361460110999928, 0.0 ], [ 104.230068106000033, -3.361517166999931, 0.0 ], [ 104.231838460000063, -3.361546807999957, 0.0 ], [ 104.232299277000038, -3.361531168999932, 0.0 ], [ 104.236742339000045, -3.361380382999926, 0.0 ], [ 104.238066127000081, -3.361335456999939, 0.0 ], [ 104.241472849000047, -3.361219818999928, 0.0 ], [ 104.243891847000043, -3.361137707999944, 0.0 ], [ 104.244481979000057, -3.361117675999935, 0.0 ], [ 104.244773085000077, -3.361107794999953, 0.0 ], [ 104.245139786000038, -3.361095345999956, 0.0 ], [ 104.246867149000082, -3.361036703999957, 0.0 ], [ 104.248985464000043, -3.360964784999965, 0.0 ], [ 104.249487071000033, -3.360947754999927, 0.0 ], [ 104.250288541000032, -3.360959935999972, 0.0 ], [ 104.253605925000045, -3.361010342999975, 0.0 ], [ 104.258232843000087, -3.361080648999973, 0.0 ], [ 104.262348170000053, -3.361143154999979, 0.0 ], [ 104.262628574000075, -3.361147412999969, 0.0 ], [ 104.264897690000055, -3.361181869999939, 0.0 ], [ 104.264901018000046, -3.361181920999968, 0.0 ], [ 104.265560039000036, -3.361191925999947, 0.0 ], [ 104.268902343000036, -3.361242668999978, 0.0 ], [ 104.269550912000057, -3.361252513999943, 0.0 ], [ 104.27118196400005, -3.361633559999973, 0.0 ], [ 104.275259770000048, -3.362586205999946, 0.0 ], [ 104.277557459000036, -3.363122977999979, 0.0 ], [ 104.281705139000053, -3.364091911999935, 0.0 ], [ 104.283788912000034, -3.364578699999925, 0.0 ], [ 104.284206797000081, -3.36467632199998, 0.0 ], [ 104.286371700000075, -3.365182051999966, 0.0 ], [ 104.288055612000051, -3.364269733999947, 0.0 ], [ 104.298220402000084, -3.358762603999935, 0.0 ], [ 104.299074311000084, -3.358299958999964, 0.0 ], [ 104.301981862000048, -3.356724648999943, 0.0 ], [ 104.307064870000033, -3.353970638999954, 0.0 ], [ 104.307729982000069, -3.353610275999927, 0.0 ], [ 104.308669789000078, -3.353101075999973, 0.0 ], [ 104.310214535000057, -3.352264108999975, 0.0 ], [ 104.313251335000075, -3.350618710999925, 0.0 ], [ 104.314160020000088, -3.351545043999977, 0.0 ], [ 104.31746647500006, -3.354915693999942, 0.0 ], [ 104.320023810000066, -3.357522646999939, 0.0 ], [ 104.32073637700006, -3.358249039999976, 0.0 ], [ 104.321183280000071, -3.358704612999929, 0.0 ], [ 104.323684333000074, -3.361254191999933, 0.0 ], [ 104.323801037000067, -3.361373159999971, 0.0 ], [ 104.324378271000057, -3.361961587999929, 0.0 ], [ 104.325926076000087, -3.36277030499997, 0.0 ], [ 104.328988070000037, -3.364370165999958, 0.0 ], [ 104.331294804000038, -3.365575401999934, 0.0 ], [ 104.334598510000035, -3.367301527999928, 0.0 ], [ 104.33536110700004, -3.367699968999943, 0.0 ], [ 104.338417053000057, -3.369296627999972, 0.0 ], [ 104.342294260000074, -3.371322355999951, 0.0 ], [ 104.343416862000083, -3.371908878999932, 0.0 ], [ 104.344953357000065, -3.372711643999935, 0.0 ], [ 104.345600604000083, -3.373049807999962, 0.0 ], [ 104.345616973000062, -3.373058359999959, 0.0 ], [ 104.346409613000048, -3.373429285999975, 0.0 ], [ 104.347014594000086, -3.373712392999948, 0.0 ], [ 104.351733706000061, -3.375920749999977, 0.0 ], [ 104.351454613000044, -3.377070454999966, 0.0 ], [ 104.351423861000058, -3.377197137999929, 0.0 ], [ 104.349195932000043, -3.386374823999972, 0.0 ], [ 104.348941767000042, -3.387421809999978, 0.0 ], [ 104.346035098000073, -3.390338951999979, 0.0 ], [ 104.343719388000068, -3.392662985999948, 0.0 ], [ 104.342198862000032, -3.394188964999955, 0.0 ], [ 104.341733149000049, -3.394656347999955, 0.0 ], [ 104.338693354000043, -3.397707017999949, 0.0 ], [ 104.336840611000071, -3.400393063999957, 0.0 ], [ 104.330248844000039, -3.399147486999937, 0.0 ], [ 104.330243117000066, -3.39915663499994, 0.0 ], [ 104.330153758000051, -3.399216775999946, 0.0 ], [ 104.330019742000047, -3.399277979999965, 0.0 ], [ 104.329819290000046, -3.399328193999963, 0.0 ], [ 104.329699466000079, -3.39934124499996, 0.0 ], [ 104.329561130000059, -3.399347716999955, 0.0 ], [ 104.329454385000076, -3.399347641999952, 0.0 ], [ 104.329360707000035, -3.399355237999941, 0.0 ], [ 104.329257215000041, -3.39937705899996, 0.0 ], [ 104.329185301000052, -3.399414225999976, 0.0 ], [ 104.329125366000085, -3.39945359099994, 0.0 ], [ 104.329047979000052, -3.399530158999937, 0.0 ], [ 104.329001076000054, -3.399624262999964, 0.0 ], [ 104.328989041000057, -3.399701971999946, 0.0 ], [ 104.328982431000043, -3.399811426999975, 0.0 ], [ 104.32898128000005, -3.399900090999949, 0.0 ], [ 104.328979051000033, -3.399972332999937, 0.0 ], [ 104.328979013000037, -3.400027063999971, 0.0 ], [ 104.328946289000044, -3.400096001999941, 0.0 ], [ 104.328895028000034, -3.400193385999955, 0.0 ], [ 104.328844868000033, -3.400274352999929, 0.0 ], [ 104.32880343100004, -3.400341094999931, 0.0 ], [ 104.328700950000041, -3.400475660999973, 0.0 ], [ 104.328613718000042, -3.400612425999952, 0.0 ], [ 104.328565712000056, -3.40072842099994, 0.0 ], [ 104.328552567000088, -3.400834588999942, 0.0 ], [ 104.328553572000033, -3.40095718699996, 0.0 ], [ 104.328570931000058, -3.401056807999964, 0.0 ], [ 104.328614431000062, -3.401156448999927, 0.0 ], [ 104.328674250000063, -3.401284560999954, 0.0 ], [ 104.328727532000073, -3.401412666999931, 0.0 ], [ 104.328761220000047, -3.401527623999925, 0.0 ], [ 104.328776374000086, -3.401665555999955, 0.0 ], [ 104.328767587000073, -3.401770631999966, 0.0 ], [ 104.328728310000088, -3.40186474099994, 0.0 ], [ 104.328650902000049, -3.401969769999937, 0.0 ], [ 104.328569152000057, -3.402052902999969, 0.0 ], [ 104.328432940000084, -3.402137092999965, 0.0 ], [ 104.32826405600008, -3.402214692999962, 0.0 ], [ 104.328135480000071, -3.402282467999953, 0.0 ], [ 104.327988173000051, -3.402354099999968, 0.0 ], [ 104.327165771000068, -3.401112529999978, 0.0 ], [ 104.325923823000039, -3.400130481999952, 0.0 ], [ 104.324948093000046, -3.399237816999971, 0.0 ], [ 104.323705964000055, -3.398523361999935, 0.0 ], [ 104.321753953000041, -3.397540808999963, 0.0 ], [ 104.319745001000058, -3.39630997699993, 0.0 ], [ 104.319713376000038, -3.396290599999929, 0.0 ], [ 104.318508362000046, -3.395885992999979, 0.0 ], [ 104.317583670000033, -3.395575508999968, 0.0 ], [ 104.316252543000076, -3.395217773999946, 0.0 ], [ 104.314300297000045, -3.394592000999978, 0.0 ], [ 104.311460533000059, -3.393876392999971, 0.0 ], [ 104.310306740000044, -3.39378636899994, 0.0 ], [ 104.310151365000081, -3.393775847999962, 0.0 ], [ 104.307644120000077, -3.393606062999936, 0.0 ], [ 104.305691504000038, -3.393515459999946, 0.0 ], [ 104.304567447000068, -3.393337951999968, 0.0 ], [ 104.302743854000084, -3.393385501999944, 0.0 ], [ 104.300397579000048, -3.393334932999949, 0.0 ], [ 104.297868915000038, -3.393333092999967, 0.0 ], [ 104.295565152000052, -3.393337517999953, 0.0 ], [ 104.294814540000061, -3.39333338299997, 0.0 ], [ 104.291729624000084, -3.393316379999931, 0.0 ], [ 104.290130933000057, -3.393300728999975, 0.0 ], [ 104.289030781000065, -3.393289957999968, 0.0 ], [ 104.286660183000038, -3.393263769999976, 0.0 ], [ 104.284757239000044, -3.393395490999978, 0.0 ], [ 104.284713573000033, -3.393423655999925, 0.0 ], [ 104.284493057000077, -3.393605021999974, 0.0 ], [ 104.283294847000036, -3.394250542999941, 0.0 ], [ 104.281053832000055, -3.395341085999974, 0.0 ], [ 104.279190142000061, -3.396075262999943, 0.0 ], [ 104.276949337000076, -3.396876025999973, 0.0 ], [ 104.274885970000071, -3.397676912999941, 0.0 ], [ 104.273357848000046, -3.398078795999936, 0.0 ], [ 104.272956348000037, -3.397586296999975, 0.0 ], [ 104.272912256000041, -3.397229623999976, 0.0 ], [ 104.272735131000047, -3.396805978999964, 0.0 ], [ 104.272269612000059, -3.396448985999939, 0.0 ], [ 104.271615587000042, -3.39605841599996, 0.0 ], [ 104.270130079000069, -3.395299430999955, 0.0 ], [ 104.269575723000059, -3.395098399999938, 0.0 ], [ 104.268977059000065, -3.394830465999974, 0.0 ], [ 104.268444952000038, -3.394540290999942, 0.0 ], [ 104.267802028000062, -3.394138582999972, 0.0 ], [ 104.267182056000081, -3.393781985999965, 0.0 ], [ 104.267180273000065, -3.393754773999945, 0.0 ], [ 104.267236406000052, -3.393601691999947, 0.0 ], [ 104.267276808000076, -3.393511650999926, 0.0 ], [ 104.267276862000074, -3.393439592999925, 0.0 ], [ 104.266121040000087, -3.392918541999961, 0.0 ], [ 104.264016569000034, -3.391634243999931, 0.0 ], [ 104.261681950000082, -3.390023744999951, 0.0 ], [ 104.261400541000057, -3.389611879999961, 0.0 ], [ 104.261116344000072, -3.389364679999971, 0.0 ], [ 104.260870735000083, -3.389159849999942, 0.0 ], [ 104.260663726000075, -3.388983275999976, 0.0 ], [ 104.260495312000046, -3.388838484999951, 0.0 ], [ 104.260202292000088, -3.38865302499994, 0.0 ], [ 104.259932090000063, -3.388469345999965, 0.0 ], [ 104.25970047900006, -3.388328035999962, 0.0 ], [ 104.259419703000049, -3.388200799999936, 0.0 ], [ 104.259188058000063, -3.388101830999972, 0.0 ], [ 104.258921337000061, -3.38796049299998, 0.0 ], [ 104.258703731000082, -3.387868589999925, 0.0 ], [ 104.258091265000076, -3.387622901999976, 0.0 ], [ 104.257778880000046, -3.387509755999929, 0.0 ], [ 104.257512118000079, -3.387421342999971, 0.0 ], [ 104.257241825000051, -3.387361153999962, 0.0 ], [ 104.256869686000073, -3.387339697999948, 0.0 ], [ 104.256193005000057, -3.38731278399996, 0.0 ], [ 104.254990280000072, -3.387415426999951, 0.0 ] ] ] ] } }
]
}
